id,id.1,project,code_id_1,code_id_2,label
2129,2129,wildfly,4256,4257,1
442,442,wro4j,882,883,1
2136,2136,wildfly,4270,4271,1
973,973,admiral,1944,1945,1
318,318,junit-quickcheck,634,635,0
2298,2298,Chronicle-Wire,4594,4595,1
2512,2512,typescript-generator,5022,5023,1
609,609,nifi,1216,1217,1
616,616,nifi,1230,1231,1
1391,1391,Struts,2780,2781,1
475,475,spring-data-jpa,948,949,0
1425,1425,graylog2-server,2848,2849,0
1937,1937,Mapper,3872,3873,1
1746,1746,karate,3490,3491,0
552,552,spring-hateoas,1102,1103,1
914,914,DataflowTemplates,1826,1827,1
527,527,retrofit,1052,1053,1
1401,1401,Struts,2800,2801,1
746,746,Singularity,1490,1491,1
1702,1702,datadog-kafka-connect-logs,3402,3403,0
1143,1143,nacos,2284,2285,1
1,1,mybatis-3,0,1,0
1382,1382,hive,2762,2763,1
244,244,junit-quickcheck,486,487,0
1651,1651,guava,3300,3301,1
1861,1861,ormlite-core,3720,3721,1
1726,1726,cloud-slang,3450,3451,1
1078,1078,captivate-prime-aem-components,2154,2155,1
1505,1505,mockserver,3008,3009,0
1864,1864,ormlite-core,3726,3727,1
2161,2161,SchemaCrawler,4320,4321,1
1132,1132,nacos,2262,2263,1
911,911,DataflowTemplates,1820,1821,1
2334,2334,jackson-datatypes-collections,4666,4667,0
2232,2232,adyen-java-api-library,4462,4463,0
1905,1905,spring-data-rest,3808,3809,1
1466,1466,openpojo,2930,2931,1
1167,1167,hadoop,2332,2333,1
20,20,dubbo,38,39,1
2302,2302,Chronicle-Wire,4602,4603,1
3,3,recast4j,4,5,1
1254,1254,hadoop,2506,2507,1
1258,1258,hadoop,2514,2515,1
1895,1895,spring-data-rest,3788,3789,1
2388,2388,commons-lang,4774,4775,0
865,865,apollo,1728,1729,1
1712,1712,incubator-shardingsphere,3422,3423,1
1008,1008,admiral,2014,2015,1
1774,1774,ormlite-core,3546,3547,1
543,543,spring-hateoas,1084,1085,1
43,43,dubbo,84,85,1
1723,1723,liquibase,3444,3445,0
2127,2127,wildfly,4252,4253,1
1326,1326,easy-retry,2650,2651,1
239,239,junit-quickcheck,476,477,0
1480,1480,Rosetta,2958,2959,0
2503,2503,undertow,5004,5005,1
2393,2393,commons-lang,4784,4785,0
1591,1591,r2dbc-mysql,3180,3181,1
1325,1325,easy-retry,2648,2649,1
2031,2031,biojava,4060,4061,1
559,559,spring-hateoas,1116,1117,1
949,949,log4j,1896,1897,1
383,383,flowable-engine,764,765,1
508,508,jackson-dataformats-binary,1014,1015,1
124,124,dubbo,246,247,1
1541,1541,shardingsphere-elasticjob,3080,3081,1
711,711,nifi,1420,1421,1
1921,1921,Mapper,3840,3841,1
1295,1295,hadoop,2588,2589,1
2378,2378,commons-lang,4754,4755,1
1609,1609,castle-java,3216,3217,0
682,682,nifi,1362,1363,1
2167,2167,adyen-java-api-library,4332,4333,0
1441,1441,graylog2-server,2880,2881,0
2466,2466,visualee,4930,4931,1
1558,1558,shardingsphere-elasticjob,3114,3115,1
134,134,dubbo,266,267,1
1614,1614,castle-java,3226,3227,0
1440,1440,graylog2-server,2878,2879,0
744,744,Singularity,1486,1487,1
328,328,junit-quickcheck,654,655,0
1456,1456,openpojo,2910,2911,1
811,811,vjtools,1620,1621,0
222,222,junit-quickcheck,442,443,0
1963,1963,Mapper,3924,3925,1
352,352,marine-api,702,703,1
2104,2104,wildfly,4206,4207,1
21,21,dubbo,40,41,1
2511,2511,typescript-generator,5020,5021,1
2452,2452,visualee,4902,4903,1
2407,2407,immutables,4812,4813,0
141,141,dubbo,280,281,1
82,82,dubbo,162,163,1
1242,1242,hadoop,2482,2483,1
486,486,Digital,970,971,0
189,189,junit-quickcheck,376,377,0
1210,1210,hadoop,2418,2419,1
1798,1798,ormlite-core,3594,3595,1
1073,1073,remoting,2144,2145,1
1098,1098,vCenter_Plugin_DME,2194,2195,1
2070,2070,nutz,4138,4139,0
1445,1445,graylog2-server,2888,2889,0
1256,1256,hadoop,2510,2511,1
312,312,junit-quickcheck,622,623,0
1834,1834,ormlite-core,3666,3667,1
893,893,secor,1784,1785,1
974,974,admiral,1946,1947,1
408,408,vpc-java-sdk,814,815,0
1029,1029,admiral,2056,2057,1
440,440,wro4j,878,879,1
2068,2068,sawmill,4134,4135,1
110,110,dubbo,218,219,1
131,131,dubbo,260,261,1
525,525,retrofit,1048,1049,1
2498,2498,JSONassert,4994,4995,0
325,325,junit-quickcheck,648,649,0
572,572,nifi,1142,1143,1
1844,1844,ormlite-core,3686,3687,1
968,968,admiral,1934,1935,1
2093,2093,openapi-generator,4184,4185,1
2488,2488,oci-hdfs-connector,4974,4975,1
816,816,flow,1630,1631,1
1138,1138,nacos,2274,2275,1
2154,2154,cxf,4306,4307,1
2058,2058,biojava,4114,4115,1
1720,1720,liquibase,3438,3439,0
655,655,nifi,1308,1309,1
1107,1107,atlas,2212,2213,0
960,960,admiral,1918,1919,1
1463,1463,openpojo,2924,2925,1
2003,2003,ozone,4004,4005,1
391,391,Strata,780,781,0
2560,2560,druid,5118,5119,0
781,781,http-request,1560,1561,1
280,280,junit-quickcheck,558,559,0
2125,2125,wildfly,4248,4249,1
221,221,junit-quickcheck,440,441,0
791,791,http-request,1580,1581,1
490,490,scimono,978,979,1
1074,1074,aries-cdi,2146,2147,0
750,750,Singularity,1498,1499,1
125,125,dubbo,248,249,1
607,607,nifi,1212,1213,1
1028,1028,admiral,2054,2055,1
777,777,hsac-fitnesse-fixtures,1552,1553,0
1997,1997,ozone,3992,3993,1
779,779,http-request,1556,1557,1
248,248,junit-quickcheck,494,495,0
166,166,dubbo,330,331,1
990,990,admiral,1978,1979,1
1327,1327,easy-retry,2652,2653,1
2218,2218,adyen-java-api-library,4434,4435,0
2259,2259,spring-data-jdbc,4516,4517,1
2111,2111,wildfly,4220,4221,1
2156,2156,cxf,4310,4311,1
331,331,junit-quickcheck,660,661,0
439,439,wro4j,876,877,1
1617,1617,castle-java,3232,3233,0
1687,1687,excelastic,3372,3373,1
665,665,nifi,1328,1329,1
935,935,DataflowTemplates,1868,1869,1
804,804,http-request,1606,1607,1
2272,2272,pippo,4542,4543,1
936,936,DataflowTemplates,1870,1871,1
1336,1336,tyrus,2670,2671,1
1683,1683,eco-schema-catalog,3364,3365,1
2468,2468,sonar-php,4934,4935,0
1040,1040,spring-data-elasticsearch,2078,2079,1
183,183,junit-quickcheck,364,365,0
2123,2123,wildfly,4244,4245,1
1837,1837,ormlite-core,3672,3673,1
101,101,dubbo,200,201,1
458,458,wro4j,914,915,1
2047,2047,biojava,4092,4093,0
698,698,nifi,1394,1395,1
1873,1873,ormlite-core,3744,3745,1
562,562,tools,1122,1123,1
2548,2548,typescript-generator,5094,5095,1
2435,2435,visualee,4868,4869,1
689,689,nifi,1376,1377,1
1027,1027,admiral,2052,2053,1
2244,2244,adyen-java-api-library,4486,4487,0
272,272,junit-quickcheck,542,543,0
2062,2062,biojava,4122,4123,0
706,706,nifi,1410,1411,1
305,305,junit-quickcheck,608,609,0
538,538,spring-hateoas,1074,1075,1
34,34,dubbo,66,67,1
1763,1763,FluentJPA,3524,3525,1
1740,1740,balana,3478,3479,1
1686,1686,eco-schema-catalog,3370,3371,1
2387,2387,commons-lang,4772,4773,0
2369,2369,commons-lang,4736,4737,0
1875,1875,ormlite-core,3748,3749,1
1988,1988,ozone,3974,3975,1
98,98,dubbo,194,195,1
2390,2390,commons-lang,4778,4779,0
828,828,altus-sdk-java,1654,1655,1
2027,2027,biojava,4052,4053,1
1856,1856,ormlite-core,3710,3711,1
1733,1733,amazon-pay-api-sdk-java,3464,3465,1
214,214,junit-quickcheck,426,427,0
2256,2256,spring-data-jdbc,4510,4511,1
627,627,nifi,1252,1253,1
2418,2418,jackson-dataformat-xml,4834,4835,1
144,144,dubbo,286,287,1
2162,2162,SchemaCrawler,4322,4323,1
2030,2030,biojava,4058,4059,1
392,392,Strata,782,783,0
1957,1957,Mapper,3912,3913,1
614,614,nifi,1226,1227,1
1464,1464,openpojo,2926,2927,1
2120,2120,wildfly,4238,4239,1
2019,2019,biojava,4036,4037,1
2169,2169,adyen-java-api-library,4336,4337,0
1632,1632,timely,3262,3263,1
1125,1125,json-schema-validator,2248,2249,0
1112,1112,riptide,2222,2223,1
1680,1680,eco-schema-catalog,3358,3359,1
966,966,admiral,1930,1931,1
405,405,Strata,808,809,0
1253,1253,hadoop,2504,2505,1
149,149,dubbo,296,297,1
2043,2043,biojava,4084,4085,1
623,623,nifi,1244,1245,1
1411,1411,cayenne,2820,2821,1
933,933,DataflowTemplates,1864,1865,1
1755,1755,java-sdk-core,3508,3509,0
1455,1455,openpojo,2908,2909,1
762,762,spring-cloud-gcp,1522,1523,1
336,336,junit-quickcheck,670,671,0
179,179,dubbo,356,357,0
2213,2213,adyen-java-api-library,4424,4425,0
2561,2561,druid,5120,5121,0
2395,2395,commons-lang,4788,4789,0
2182,2182,adyen-java-api-library,4362,4363,0
1099,1099,vCenter_Plugin_DME,2196,2197,1
1682,1682,eco-schema-catalog,3362,3363,1
1512,1512,mockserver,3022,3023,0
793,793,http-request,1584,1585,1
251,251,junit-quickcheck,500,501,0
1461,1461,openpojo,2920,2921,1
965,965,admiral,1928,1929,1
1241,1241,hadoop,2480,2481,1
1086,1086,hutool,2170,2171,0
1916,1916,Mapper,3830,3831,1
316,316,junit-quickcheck,630,631,0
1246,1246,hadoop,2490,2491,0
875,875,apollo,1748,1749,0
2292,2292,Chronicle-Wire,4582,4583,1
2448,2448,visualee,4894,4895,1
463,463,delight-nashorn-sandbox,924,925,1
852,852,facebook-java-business-sdk,1702,1703,0
1231,1231,hadoop,2460,2461,0
1134,1134,nacos,2266,2267,1
922,922,DataflowTemplates,1842,1843,1
346,346,marine-api,690,691,1
216,216,junit-quickcheck,430,431,0
2437,2437,visualee,4872,4873,1
766,766,hsac-fitnesse-fixtures,1530,1531,1
2286,2286,Chronicle-Wire,4570,4571,1
1778,1778,ormlite-core,3554,3555,1
1230,1230,hadoop,2458,2459,1
2108,2108,wildfly,4214,4215,1
90,90,dubbo,178,179,1
1225,1225,hadoop,2448,2449,1
170,170,dubbo,338,339,0
1213,1213,hadoop,2424,2425,1
271,271,junit-quickcheck,540,541,0
48,48,dubbo,94,95,1
1082,1082,hutool,2162,2163,1
1914,1914,Mapper,3826,3827,1
2101,2101,wildfly,4200,4201,1
1933,1933,Mapper,3864,3865,1
509,509,jackson-dataformats-binary,1016,1017,1
1450,1450,whois,2898,2899,1
1475,1475,Rosetta,2948,2949,1
470,470,jackson-modules-base,938,939,1
1545,1545,shardingsphere-elasticjob,3088,3089,1
2443,2443,visualee,4884,4885,1
2331,2331,jackson-datatypes-collections,4660,4661,0
1944,1944,Mapper,3886,3887,1
861,861,botbuilder-java,1720,1721,0
108,108,dubbo,214,215,1
2202,2202,adyen-java-api-library,4402,4403,0
537,537,spring-hateoas,1072,1073,1
180,180,junit-quickcheck,358,359,0
327,327,junit-quickcheck,652,653,0
1803,1803,ormlite-core,3604,3605,1
530,530,retrofit,1058,1059,1
521,521,java-cas-client,1040,1041,1
964,964,admiral,1926,1927,1
1226,1226,hadoop,2450,2451,1
2529,2529,typescript-generator,5056,5057,1
976,976,admiral,1950,1951,0
1315,1315,JSON-java,2628,2629,1
2210,2210,adyen-java-api-library,4418,4419,0
1205,1205,hadoop,2408,2409,1
2532,2532,typescript-generator,5062,5063,1
2530,2530,typescript-generator,5058,5059,1
146,146,dubbo,290,291,1
853,853,facebook-java-business-sdk,1704,1705,0
1953,1953,Mapper,3904,3905,1
102,102,dubbo,202,203,1
736,736,spring-cloud-config,1470,1471,1
890,890,spring-data-gemfire,1778,1779,0
1085,1085,hutool,2168,2169,0
1652,1652,guava,3302,3303,1
723,723,nifi,1444,1445,1
19,19,dubbo,36,37,1
1892,1892,pagerduty-incidents,3782,3783,1
1782,1782,ormlite-core,3562,3563,1
176,176,dubbo,350,351,0
2187,2187,adyen-java-api-library,4372,4373,0
1277,1277,hadoop,2552,2553,1
2540,2540,typescript-generator,5078,5079,1
1189,1189,hadoop,2376,2377,1
2549,2549,typescript-generator,5096,5097,1
1486,1486,graphhopper,2970,2971,0
291,291,junit-quickcheck,580,581,0
1752,1752,java-sdk-core,3502,3503,0
1974,1974,Mapper,3946,3947,1
363,363,amazon-instant-access-sdk-java,724,725,0
226,226,junit-quickcheck,450,451,0
2122,2122,wildfly,4242,4243,1
1321,1321,spring-data-keyvalue,2640,2641,0
1208,1208,hadoop,2414,2415,1
1377,1377,hive,2752,2753,1
854,854,graphbuilder,1706,1707,1
2165,2165,org.openhab.binding.zwave,4328,4329,0
1153,1153,nacos,2304,2305,1
1381,1381,hive,2760,2761,1
870,870,apollo,1738,1739,0
1460,1460,openpojo,2918,2919,1
1951,1951,Mapper,3900,3901,1
1169,1169,hadoop,2336,2337,1
1243,1243,hadoop,2484,2485,1
452,452,wro4j,902,903,1
1384,1384,hive,2766,2767,1
795,795,http-request,1588,1589,1
848,848,facebook-java-business-sdk,1694,1695,0
857,857,botbuilder-java,1712,1713,0
1362,1362,hive,2722,2723,1
878,878,jnr-posix,1754,1755,1
1678,1678,eco-schema-catalog,3354,3355,1
2095,2095,openapi-generator,4188,4189,0
761,761,spring-cloud-gcp,1520,1521,1
840,840,rest-assured,1678,1679,0
2189,2189,adyen-java-api-library,4376,4377,0
2242,2242,adyen-java-api-library,4482,4483,0
2356,2356,Sentinel,4710,4711,1
387,387,flowable-engine,772,773,0
2186,2186,adyen-java-api-library,4370,4371,0
2509,2509,typescript-generator,5016,5017,1
2459,2459,visualee,4916,4917,1
69,69,dubbo,136,137,1
600,600,nifi,1198,1199,1
84,84,dubbo,166,167,1
1942,1942,Mapper,3882,3883,1
1426,1426,graylog2-server,2850,2851,0
381,381,flowable-engine,760,761,1
412,412,vpc-java-sdk,822,823,0
1713,1713,incubator-shardingsphere,3424,3425,1
2373,2373,commons-lang,4744,4745,1
1978,1978,Mapper,3954,3955,1
1415,1415,graylog2-server,2828,2829,1
1373,1373,hive,2744,2745,1
1224,1224,hadoop,2446,2447,1
2300,2300,Chronicle-Wire,4598,4599,1
2310,2310,Chronicle-Wire,4618,4619,1
1462,1462,openpojo,2922,2923,1
851,851,facebook-java-business-sdk,1700,1701,0
123,123,dubbo,244,245,1
1771,1771,ormlite-core,3540,3541,1
2100,2100,wildfly,4198,4199,1
480,480,jackson-databind,958,959,0
547,547,spring-hateoas,1092,1093,1
2097,2097,openapi-generator,4192,4193,0
589,589,nifi,1176,1177,1
827,827,jboot,1652,1653,1
1900,1900,spring-data-rest,3798,3799,1
2196,2196,adyen-java-api-library,4390,4391,0
1244,1244,hadoop,2486,2487,1
1075,1075,aries-cdi,2148,2149,1
1583,1583,jackrabbit-oak,3164,3165,1
901,901,DataflowTemplates,1800,1801,1
1776,1776,ormlite-core,3550,3551,1
356,356,tribuo,710,711,1
2370,2370,commons-lang,4738,4739,0
1049,1049,jinjava,2096,2097,0
2044,2044,biojava,4086,4087,1
343,343,junit-quickcheck,684,685,0
1696,1696,sureness,3390,3391,1
1620,1620,castle-java,3238,3239,0
1946,1946,Mapper,3890,3891,1
594,594,nifi,1186,1187,1
597,597,nifi,1192,1193,1
1050,1050,jinjava,2098,2099,1
1531,1531,pair-distribution-app,3060,3061,1
1300,1300,hadoop,2598,2599,1
747,747,Singularity,1492,1493,1
2269,2269,pippo,4536,4537,1
104,104,dubbo,206,207,1
2538,2538,typescript-generator,5074,5075,1
1822,1822,ormlite-core,3642,3643,1
1154,1154,nacos,2306,2307,1
402,402,Strata,802,803,0
2491,2491,oci-hdfs-connector,4980,4981,1
2147,2147,cxf,4292,4293,1
1094,1094,vCenter_Plugin_DME,2186,2187,1
2494,2494,oci-hdfs-connector,4986,4987,1
1901,1901,spring-data-rest,3800,3801,1
1965,1965,Mapper,3928,3929,1
2221,2221,adyen-java-api-library,4440,4441,0
407,407,vpc-java-sdk,812,813,0
1290,1290,hadoop,2578,2579,1
720,720,nifi,1438,1439,1
1667,1667,pulsar,3332,3333,0
2420,2420,jackson-dataformat-xml,4838,4839,0
1934,1934,Mapper,3866,3867,1
838,838,rest-assured,1674,1675,1
549,549,spring-hateoas,1096,1097,1
1064,1064,commons-collections,2126,2127,0
1543,1543,shardingsphere-elasticjob,3084,3085,1
2402,2402,immutables,4802,4803,0
1396,1396,Struts,2790,2791,1
116,116,dubbo,230,231,0
1233,1233,hadoop,2464,2465,1
483,483,Digital,964,965,1
1639,1639,spring-data-cassandra,3276,3277,1
1322,1322,spring-data-keyvalue,2642,2643,0
1990,1990,ozone,3978,3979,1
668,668,nifi,1334,1335,1
1404,1404,fluent-logger-java,2806,2807,1
22,22,dubbo,42,43,1
2510,2510,typescript-generator,5018,5019,1
2351,2351,jReddit,4700,4701,0
2184,2184,adyen-java-api-library,4366,4367,0
951,951,linq4j,1900,1901,1
765,765,hsac-fitnesse-fixtures,1528,1529,0
1810,1810,ormlite-core,3618,3619,1
567,567,nifi,1132,1133,1
415,415,vpc-java-sdk,828,829,0
2471,2471,guice,4940,4941,0
1127,1127,nacos,2252,2253,0
815,815,java-classmate,1628,1629,0
1030,1030,admiral,2058,2059,1
83,83,dubbo,164,165,1
240,240,junit-quickcheck,478,479,0
5,5,aws-dynamodb-encryption-java,8,9,0
2103,2103,wildfly,4204,4205,1
91,91,dubbo,180,181,1
345,345,marine-api,688,689,1
1114,1114,riptide,2226,2227,1
2293,2293,Chronicle-Wire,4584,4585,1
1817,1817,ormlite-core,3632,3633,1
1744,1744,karate,3486,3487,1
763,763,spring-cloud-gcp,1524,1525,1
1406,1406,fluent-logger-java,2810,2811,1
745,745,Singularity,1488,1489,1
671,671,nifi,1340,1341,1
2201,2201,adyen-java-api-library,4400,4401,0
2251,2251,adyen-java-api-library,4500,4501,0
2235,2235,adyen-java-api-library,4468,4469,0
953,953,Jprotobuf-rpc-socket,1904,1905,1
1187,1187,hadoop,2372,2373,1
1577,1577,jackrabbit-oak,3152,3153,1
1846,1846,ormlite-core,3690,3691,1
1219,1219,hadoop,2436,2437,1
1564,1564,jackrabbit-oak,3126,3127,1
1902,1902,spring-data-rest,3802,3803,1
1148,1148,nacos,2294,2295,1
994,994,admiral,1986,1987,1
1240,1240,hadoop,2478,2479,1
304,304,junit-quickcheck,606,607,0
844,844,rest-assured,1686,1687,0
2349,2349,jReddit,4696,4697,0
54,54,dubbo,106,107,1
2526,2526,typescript-generator,5050,5051,1
1606,1606,castle-java,3210,3211,0
1928,1928,Mapper,3854,3855,1
794,794,http-request,1586,1587,1
1839,1839,ormlite-core,3676,3677,1
2051,2051,biojava,4100,4101,1
2492,2492,oci-hdfs-connector,4982,4983,1
1453,1453,openpojo,2904,2905,0
1051,1051,jinjava,2100,2101,0
2206,2206,adyen-java-api-library,4410,4411,0
2507,2507,undertow,5012,5013,0
431,431,Universal-G-Code-Sender,860,861,1
1850,1850,ormlite-core,3698,3699,1
2535,2535,typescript-generator,5068,5069,1
864,864,apollo,1726,1727,1
285,285,junit-quickcheck,568,569,0
1619,1619,castle-java,3236,3237,0
1550,1550,shardingsphere-elasticjob,3098,3099,1
2550,2550,typescript-generator,5098,5099,1
351,351,marine-api,700,701,1
845,845,rest-assured,1688,1689,0
1159,1159,fosstars-rating-core,2316,2317,1
219,219,junit-quickcheck,436,437,0
939,939,dropwizard,1876,1877,1
169,169,dubbo,336,337,0
2276,2276,aem-core-wcm-components,4550,4551,1
209,209,junit-quickcheck,416,417,0
2328,2328,Chronicle-Wire,4654,4655,0
2326,2326,Chronicle-Wire,4650,4651,1
1490,1490,mockserver,2978,2979,1
217,217,junit-quickcheck,432,433,0
1394,1394,Struts,2786,2787,1
2021,2021,biojava,4040,4041,1
833,833,rest-assured,1664,1665,0
208,208,junit-quickcheck,414,415,0
14,14,dubbo,26,27,0
1265,1265,hadoop,2528,2529,1
2479,2479,bookkeeper,4956,4957,1
749,749,Singularity,1496,1497,1
584,584,nifi,1166,1167,0
2545,2545,typescript-generator,5088,5089,1
204,204,junit-quickcheck,406,407,0
675,675,nifi,1348,1349,1
1860,1860,ormlite-core,3718,3719,1
1035,1035,admiral,2068,2069,0
1814,1814,ormlite-core,3626,3627,1
1636,1636,timely,3270,3271,0
2118,2118,wildfly,4234,4235,1
1595,1595,jackson-module-jsonSchema,3188,3189,0
1556,1556,shardingsphere-elasticjob,3110,3111,1
397,397,Strata,792,793,0
1383,1383,hive,2764,2765,1
867,867,apollo,1732,1733,0
1715,1715,incubator-shardingsphere,3428,3429,1
1492,1492,mockserver,2982,2983,1
58,58,dubbo,114,115,1
162,162,dubbo,322,323,1
1884,1884,opennlp,3766,3767,1
396,396,Strata,790,791,0
643,643,nifi,1284,1285,1
1538,1538,shardingsphere-elasticjob,3074,3075,1
414,414,vpc-java-sdk,826,827,0
2273,2273,pippo,4544,4545,1
2275,2275,alien4cloud,4548,4549,1
1506,1506,mockserver,3010,3011,0
1105,1105,vCenter_Plugin_DME,2208,2209,1
872,872,apollo,1742,1743,1
1616,1616,castle-java,3230,3231,0
1973,1973,Mapper,3944,3945,1
2194,2194,adyen-java-api-library,4386,4387,0
1829,1829,ormlite-core,3656,3657,1
1645,1645,jmxfetch,3288,3289,1
764,764,spring-cloud-gcp,1526,1527,1
451,451,wro4j,900,901,1
1155,1155,nacos,2308,2309,0
1625,1625,castle-java,3248,3249,0
800,800,http-request,1598,1599,1
2367,2367,commons-lang,4732,4733,1
877,877,jmeter-maven-plugin,1752,1753,0
1906,1906,spring-data-rest,3810,3811,1
1853,1853,ormlite-core,3704,3705,1
1120,1120,riptide,2238,2239,1
261,261,junit-quickcheck,520,521,0
1416,1416,graylog2-server,2830,2831,0
2473,2473,semanticvectors,4944,4945,1
1929,1929,Mapper,3856,3857,1
1692,1692,db-scheduler,3382,3383,1
296,296,junit-quickcheck,590,591,0
1711,1711,incubator-shardingsphere,3420,3421,1
401,401,Strata,800,801,0
1004,1004,admiral,2006,2007,1
1161,1161,edn-java,2320,2321,0
1745,1745,karate,3488,3489,0
721,721,nifi,1440,1441,1
1722,1722,liquibase,3442,3443,0
1849,1849,ormlite-core,3696,3697,1
856,856,botbuilder-java,1710,1711,0
15,15,dubbo,28,29,0
2264,2264,feign,4526,4527,0
2477,2477,incubator-shenyu,4952,4953,0
809,809,vjtools,1616,1617,0
524,524,retrofit,1046,1047,1
1855,1855,ormlite-core,3708,3709,1
1046,1046,jinjava,2090,2091,1
651,651,nifi,1300,1301,1
1504,1504,mockserver,3006,3007,0
64,64,dubbo,126,127,1
1981,1981,Mapper,3960,3961,1
1598,1598,jackson-module-jsonSchema,3194,3195,0
132,132,dubbo,262,263,1
714,714,nifi,1426,1427,1
1340,1340,tyrus,2678,2679,0
1350,1350,hive,2698,2699,1
1386,1386,hive,2770,2771,1
1247,1247,hadoop,2492,2493,1
497,497,scimono,992,993,1
2515,2515,typescript-generator,5028,5029,1
980,980,admiral,1958,1959,1
1517,1517,mockserver,3032,3033,0
350,350,marine-api,698,699,1
842,842,rest-assured,1682,1683,0
1215,1215,hadoop,2428,2429,1
1176,1176,hadoop,2350,2351,1
1523,1523,mockserver,3044,3045,0
315,315,junit-quickcheck,628,629,0
1643,1643,cloudhopper-commons,3284,3285,1
661,661,nifi,1320,1321,0
2431,2431,visualee,4860,4861,1
254,254,junit-quickcheck,506,507,0
1070,1070,remoting,2138,2139,1
1718,1718,incubator-shardingsphere,3434,3435,1
1889,1889,rxjava2-extras,3776,3777,1
2126,2126,wildfly,4250,4251,1
2327,2327,Chronicle-Wire,4652,4653,1
515,515,jsonex,1028,1029,1
2152,2152,cxf,4302,4303,1
2015,2015,biojava,4028,4029,1
975,975,admiral,1948,1949,0
784,784,http-request,1566,1567,1
2533,2533,typescript-generator,5064,5065,1
712,712,nifi,1422,1423,1
554,554,spring-hateoas,1106,1107,1
419,419,vpc-java-sdk,836,837,0
17,17,dubbo,32,33,0
1397,1397,Struts,2792,2793,1
2084,2084,asyncload,4166,4167,1
2231,2231,adyen-java-api-library,4460,4461,0
2081,2081,jndn-utils,4160,4161,1
310,310,junit-quickcheck,618,619,0
1483,1483,graphhopper,2964,2965,1
1136,1136,nacos,2270,2271,1
2278,2278,aem-core-wcm-components,4554,4555,1
111,111,dubbo,220,221,1
478,478,jackson-databind,954,955,0
863,863,apollo,1724,1725,1
657,657,nifi,1312,1313,1
716,716,nifi,1430,1431,1
476,476,spring-data-jpa,950,951,0
1618,1618,castle-java,3234,3235,0
164,164,dubbo,326,327,0
644,644,nifi,1286,1287,1
1045,1045,jinjava,2088,2089,1
726,726,nifi,1450,1451,1
705,705,nifi,1408,1409,1
1555,1555,shardingsphere-elasticjob,3108,3109,1
633,633,nifi,1264,1265,1
1459,1459,openpojo,2916,2917,1
1222,1222,hadoop,2442,2443,1
780,780,http-request,1558,1559,1
258,258,junit-quickcheck,514,515,0
2463,2463,visualee,4924,4925,1
2131,2131,wildfly,4260,4261,1
1646,1646,dolphinscheduler,3290,3291,0
207,207,junit-quickcheck,412,413,0
2032,2032,biojava,4062,4063,1
1948,1948,Mapper,3894,3895,1
907,907,DataflowTemplates,1812,1813,1
2423,2423,visualee,4844,4845,1
2316,2316,Chronicle-Wire,4630,4631,1
654,654,nifi,1306,1307,1
1815,1815,ormlite-core,3628,3629,1
1229,1229,hadoop,2456,2457,1
1836,1836,ormlite-core,3670,3671,1
1493,1493,mockserver,2984,2985,1
876,876,jmeter-maven-plugin,1750,1751,0
1542,1542,shardingsphere-elasticjob,3082,3083,1
225,225,junit-quickcheck,448,449,0
1232,1232,hadoop,2462,2463,1
122,122,dubbo,242,243,1
1578,1578,jackrabbit-oak,3154,3155,1
2112,2112,wildfly,4222,4223,1
1582,1582,jackrabbit-oak,3162,3163,1
317,317,junit-quickcheck,632,633,0
1832,1832,ormlite-core,3662,3663,1
2467,2467,visualee,4932,4933,1
1709,1709,incubator-shardingsphere,3416,3417,0
1173,1173,hadoop,2344,2345,1
735,735,nifi,1468,1469,0
467,467,openwebbeans,932,933,1
676,676,nifi,1350,1351,1
2143,2143,wildfly,4284,4285,0
635,635,nifi,1268,1269,1
1537,1537,kylin,3072,3073,0
608,608,nifi,1214,1215,1
778,778,http-request,1554,1555,1
1909,1909,spring-data-rest,3816,3817,1
6,6,aws-dynamodb-encryption-java,10,11,0
558,558,spring-hateoas,1114,1115,1
1477,1477,Rosetta,2952,2953,1
1868,1868,ormlite-core,3734,3735,1
2421,2421,visualee,4840,4841,1
2042,2042,biojava,4082,4083,1
44,44,dubbo,86,87,1
2055,2055,biojava,4108,4109,1
1299,1299,hadoop,2596,2597,1
2041,2041,biojava,4080,4081,1
2155,2155,cxf,4308,4309,1
1011,1011,admiral,2020,2021,1
1570,1570,jackrabbit-oak,3138,3139,1
2046,2046,biojava,4090,4091,1
677,677,nifi,1352,1353,1
16,16,dubbo,30,31,0
232,232,junit-quickcheck,462,463,0
2073,2073,nutz,4144,4145,0
2163,2163,SchemaCrawler,4324,4325,1
329,329,junit-quickcheck,656,657,0
2071,2071,nutz,4140,4141,0
2389,2389,commons-lang,4776,4777,0
810,810,vjtools,1618,1619,0
2028,2028,biojava,4054,4055,1
2033,2033,biojava,4064,4065,1
89,89,dubbo,176,177,1
1137,1137,nacos,2272,2273,1
1250,1250,hadoop,2498,2499,1
1736,1736,rrd4j,3470,3471,1
1593,1593,jackson-module-jsonSchema,3184,3185,0
1524,1524,mockserver,3046,3047,0
957,957,admiral,1912,1913,0
1904,1904,spring-data-rest,3806,3807,1
2219,2219,adyen-java-api-library,4436,4437,0
121,121,dubbo,240,241,1
1878,1878,ormlite-core,3754,3755,1
2558,2558,druid,5114,5115,0
113,113,dubbo,224,225,1
897,897,spring-security-oauth,1792,1793,1
2384,2384,commons-lang,4766,4767,0
1211,1211,hadoop,2420,2421,1
1100,1100,vCenter_Plugin_DME,2198,2199,1
1871,1871,ormlite-core,3740,3741,1
1335,1335,tyrus,2668,2669,1
1812,1812,ormlite-core,3622,3623,1
1268,1268,hadoop,2534,2535,1
522,522,retrofit,1042,1043,1
2080,2080,metrics,4158,4159,0
2499,2499,undertow,4996,4997,1
688,688,nifi,1374,1375,1
188,188,junit-quickcheck,374,375,0
2098,2098,openapi-generator,4194,4195,0
1133,1133,nacos,2264,2265,1
725,725,nifi,1448,1449,1
384,384,flowable-engine,766,767,1
2197,2197,adyen-java-api-library,4392,4393,0
2299,2299,Chronicle-Wire,4596,4597,1
650,650,nifi,1298,1299,1
1949,1949,Mapper,3896,3897,1
36,36,dubbo,70,71,1
1334,1334,tyrus,2666,2667,1
9,9,dubbo,16,17,1
2180,2180,adyen-java-api-library,4358,4359,0
1590,1590,r2dbc-mysql,3178,3179,1
1495,1495,mockserver,2988,2989,1
1863,1863,ormlite-core,3724,3725,1
1276,1276,hadoop,2550,2551,1
12,12,dubbo,22,23,1
394,394,Strata,786,787,0
847,847,facebook-java-business-sdk,1692,1693,0
172,172,dubbo,342,343,0
824,824,jboot,1646,1647,1
167,167,dubbo,332,333,0
1119,1119,riptide,2236,2237,1
718,718,nifi,1434,1435,1
1677,1677,soot,3352,3353,0
1014,1014,admiral,2026,2027,1
533,533,spring-hateoas,1064,1065,1
1866,1866,ormlite-core,3730,3731,1
2288,2288,Chronicle-Wire,4574,4575,1
223,223,junit-quickcheck,444,445,0
388,388,Strata,774,775,0
731,731,nifi,1460,1461,0
1474,1474,Rosetta,2946,2947,1
1526,1526,pair-distribution-app,3050,3051,1
1521,1521,mockserver,3040,3041,0
2432,2432,visualee,4862,4863,1
913,913,DataflowTemplates,1824,1825,1
1547,1547,shardingsphere-elasticjob,3092,3093,0
385,385,flowable-engine,768,769,1
359,359,tribuo,716,717,1
163,163,dubbo,324,325,0
1964,1964,Mapper,3926,3927,1
455,455,wro4j,908,909,1
969,969,admiral,1936,1937,1
1272,1272,hadoop,2542,2543,1
1203,1203,hadoop,2404,2405,1
1113,1113,riptide,2224,2225,1
707,707,nifi,1412,1413,1
1777,1777,ormlite-core,3552,3553,1
1303,1303,hadoop,2604,2605,1
1689,1689,db-scheduler,3376,3377,1
2332,2332,jackson-datatypes-collections,4662,4663,1
1967,1967,Mapper,3932,3933,1
114,114,dubbo,226,227,1
1465,1465,openpojo,2928,2929,1
604,604,nifi,1206,1207,1
1234,1234,hadoop,2466,2467,1
1444,1444,graylog2-server,2886,2887,0
1796,1796,ormlite-core,3590,3591,1
696,696,nifi,1390,1391,1
1313,1313,hadoop,2624,2625,0
1395,1395,Struts,2788,2789,1
1488,1488,mockserver,2974,2975,0
274,274,junit-quickcheck,546,547,0
2146,2146,cxf,4290,4291,1
2285,2285,Chronicle-Wire,4568,4569,0
1750,1750,tamper,3498,3499,1
605,605,nifi,1208,1209,1
1135,1135,nacos,2268,2269,1
237,237,junit-quickcheck,472,473,0
1129,1129,nacos,2256,2257,0
634,634,nifi,1266,1267,1
557,557,spring-hateoas,1112,1113,1
1403,1403,fluent-logger-java,2804,2805,1
55,55,dubbo,108,109,1
596,596,nifi,1190,1191,1
1757,1757,java-sdk-core,3512,3513,0
504,504,jackson-dataformats-binary,1006,1007,1
1730,1730,cloud-slang,3458,3459,1
1095,1095,vCenter_Plugin_DME,2188,2189,1
967,967,admiral,1932,1933,1
2380,2380,commons-lang,4758,4759,1
428,428,spring-data-couchbase,854,855,0
319,319,junit-quickcheck,636,637,0
1271,1271,hadoop,2540,2541,1
342,342,junit-quickcheck,682,683,0
1013,1013,admiral,2024,2025,1
1998,1998,ozone,3994,3995,1
2517,2517,typescript-generator,5032,5033,1
99,99,dubbo,196,197,1
868,868,apollo,1734,1735,0
194,194,junit-quickcheck,386,387,0
2315,2315,Chronicle-Wire,4628,4629,1
1393,1393,Struts,2784,2785,1
516,516,jsonex,1030,1031,1
1569,1569,jackrabbit-oak,3136,3137,1
1661,1661,pulsar,3320,3321,0
1420,1420,graylog2-server,2838,2839,0
1898,1898,spring-data-rest,3794,3795,1
168,168,dubbo,334,335,0
2148,2148,cxf,4294,4295,1
1180,1180,hadoop,2358,2359,1
1758,1758,java-sdk-core,3514,3515,0
646,646,nifi,1290,1291,1
1423,1423,graylog2-server,2844,2845,0
564,564,tools,1126,1127,1
1931,1931,Mapper,3860,3861,1
647,647,nifi,1292,1293,1
26,26,dubbo,50,51,1
268,268,junit-quickcheck,534,535,0
2190,2190,adyen-java-api-library,4378,4379,0
33,33,dubbo,64,65,1
494,494,scimono,986,987,1
2456,2456,visualee,4910,4911,1
1699,1699,oryx,3396,3397,0
462,462,delight-nashorn-sandbox,922,923,1
587,587,nifi,1172,1173,0
106,106,dubbo,210,211,1
398,398,Strata,794,795,0
2333,2333,jackson-datatypes-collections,4664,4665,0
536,536,spring-hateoas,1070,1071,1
1962,1962,Mapper,3922,3923,1
2413,2413,jackson-dataformat-xml,4824,4825,1
181,181,junit-quickcheck,360,361,0
2514,2514,typescript-generator,5026,5027,1
685,685,nifi,1368,1369,1
2087,2087,openapi-generator,4172,4173,0
2115,2115,wildfly,4228,4229,1
977,977,admiral,1952,1953,0
2375,2375,commons-lang,4748,4749,0
684,684,nifi,1366,1367,1
2527,2527,typescript-generator,5052,5053,1
992,992,admiral,1982,1983,1
174,174,dubbo,346,347,0
773,773,hsac-fitnesse-fixtures,1544,1545,0
722,722,nifi,1442,1443,1
2061,2061,biojava,4120,4121,1
928,928,DataflowTemplates,1854,1855,1
2001,2001,ozone,4000,4001,1
429,429,appengine-plugins-core,856,857,1
1838,1838,ormlite-core,3674,3675,1
1610,1610,castle-java,3218,3219,0
404,404,Strata,806,807,0
1122,1122,riptide,2242,2243,1
985,985,admiral,1968,1969,1
930,930,DataflowTemplates,1858,1859,1
2446,2446,visualee,4890,4891,1
2000,2000,ozone,3998,3999,1
1559,1559,shardingsphere-elasticjob,3116,3117,0
902,902,DataflowTemplates,1802,1803,1
182,182,junit-quickcheck,362,363,0
925,925,DataflowTemplates,1848,1849,1
1732,1732,cloud-slang,3462,3463,1
579,579,nifi,1156,1157,1
2396,2396,commons-lang,4790,4791,0
186,186,junit-quickcheck,370,371,0
2011,2011,ozone,4020,4021,1
805,805,http-request,1608,1609,1
283,283,junit-quickcheck,564,565,0
1371,1371,hive,2740,2741,1
1071,1071,remoting,2140,2141,1
1424,1424,graylog2-server,2846,2847,0
371,371,flowable-engine,740,741,1
2223,2223,adyen-java-api-library,4444,4445,0
1576,1576,jackrabbit-oak,3150,3151,1
1021,1021,admiral,2040,2041,1
2035,2035,biojava,4068,4069,1
2516,2516,typescript-generator,5030,5031,1
468,468,jackson-modules-base,934,935,1
443,443,wro4j,884,885,1
1017,1017,admiral,2032,2033,1
2486,2486,burst,4970,4971,1
2361,2361,Sentinel,4720,4721,0
1374,1374,hive,2746,2747,1
2360,2360,Sentinel,4718,4719,1
2416,2416,jackson-dataformat-xml,4830,4831,1
1654,1654,guava,3306,3307,1
2263,2263,feign,4524,4525,0
687,687,nifi,1372,1373,1
732,732,nifi,1462,1463,0
203,203,junit-quickcheck,404,405,0
666,666,nifi,1330,1331,1
1311,1311,hadoop,2620,2621,0
1520,1520,mockserver,3038,3039,0
62,62,dubbo,122,123,1
2211,2211,adyen-java-api-library,4420,4421,0
2198,2198,adyen-java-api-library,4394,4395,0
628,628,nifi,1254,1255,1
86,86,dubbo,170,171,1
1766,1766,c2mon,3530,3531,1
694,694,nifi,1386,1387,1
2280,2280,aem-core-wcm-components,4558,4559,1
2322,2322,Chronicle-Wire,4642,4643,1
2385,2385,commons-lang,4768,4769,1
1922,1922,Mapper,3842,3843,1
1971,1971,Mapper,3940,3941,1
2345,2345,java-monitoring-client-library,4688,4689,1
334,334,junit-quickcheck,666,667,0
2449,2449,visualee,4896,4897,1
672,672,nifi,1342,1343,1
1170,1170,hadoop,2338,2339,1
2022,2022,biojava,4042,4043,1
1727,1727,cloud-slang,3452,3453,1
2092,2092,openapi-generator,4182,4183,1
2547,2547,typescript-generator,5092,5093,1
2415,2415,jackson-dataformat-xml,4828,4829,1
2371,2371,commons-lang,4740,4741,0
238,238,junit-quickcheck,474,475,0
1414,1414,graylog2-server,2826,2827,1
1448,1448,ecchronos,2894,2895,0
137,137,dubbo,272,273,1
1410,1410,spring-data-ebean,2818,2819,0
2294,2294,Chronicle-Wire,4586,4587,1
697,697,nifi,1392,1393,1
1009,1009,admiral,2016,2017,1
1471,1471,openpojo,2940,2941,0
322,322,junit-quickcheck,642,643,0
709,709,nifi,1416,1417,1
282,282,junit-quickcheck,562,563,0
185,185,junit-quickcheck,368,369,0
1894,1894,cp-ddd-framework,3786,3787,1
281,281,junit-quickcheck,560,561,0
1023,1023,admiral,2044,2045,1
1986,1986,ozone,3970,3971,1
2177,2177,adyen-java-api-library,4352,4353,0
2089,2089,openapi-generator,4176,4177,0
2303,2303,Chronicle-Wire,4604,4605,1
986,986,admiral,1970,1971,1
2465,2465,visualee,4928,4929,1
1212,1212,hadoop,2422,2423,1
1007,1007,admiral,2012,2013,1
1935,1935,Mapper,3868,3869,1
105,105,dubbo,208,209,1
79,79,dubbo,156,157,1
1339,1339,tyrus,2676,2677,0
642,642,nifi,1282,1283,1
598,598,nifi,1194,1195,1
2052,2052,biojava,4102,4103,1
365,365,archiva,728,729,1
972,972,admiral,1942,1943,1
849,849,facebook-java-business-sdk,1696,1697,0
758,758,weblogic-monitoring-exporter,1514,1515,1
1663,1663,pulsar,3324,3325,0
2350,2350,jReddit,4698,4699,0
1674,1674,soot,3346,3347,0
264,264,junit-quickcheck,526,527,0
979,979,admiral,1956,1957,1
2308,2308,Chronicle-Wire,4614,4615,1
1549,1549,shardingsphere-elasticjob,3096,3097,1
2185,2185,adyen-java-api-library,4368,4369,0
1047,1047,jinjava,2092,2093,0
8,8,dubbo,14,15,1
832,832,rest-assured,1662,1663,0
1076,1076,aries-cdi,2150,2151,0
1623,1623,castle-java,3244,3245,0
831,831,rest-assured,1660,1661,0
1147,1147,nacos,2292,2293,1
1402,1402,fluent-logger-java,2802,2803,1
1821,1821,ormlite-core,3640,3641,1
803,803,http-request,1604,1605,1
1158,1158,fosstars-rating-core,2314,2315,1
1162,1162,spring-cloud-kubernetes,2322,2323,1
1348,1348,querydsl,2694,2695,1
409,409,vpc-java-sdk,816,817,0
2260,2260,spring-data-jdbc,4518,4519,1
1056,1056,incubator-ratis,2110,2111,1
625,625,nifi,1248,1249,1
1392,1392,Struts,2782,2783,1
2338,2338,citrus,4674,4675,1
87,87,dubbo,172,173,1
482,482,jackson-databind,962,963,0
2203,2203,adyen-java-api-library,4404,4405,0
592,592,nifi,1182,1183,1
1539,1539,shardingsphere-elasticjob,3076,3077,1
2386,2386,commons-lang,4770,4771,0
871,871,apollo,1740,1741,1
206,206,junit-quickcheck,410,411,0
479,479,jackson-databind,956,957,0
581,581,nifi,1160,1161,1
1368,1368,hive,2734,2735,1
1915,1915,Mapper,3828,3829,1
1567,1567,jackrabbit-oak,3132,3133,1
175,175,dubbo,348,349,0
2026,2026,biojava,4050,4051,1
788,788,http-request,1574,1575,1
1824,1824,ormlite-core,3646,3647,1
680,680,nifi,1358,1359,1
2113,2113,wildfly,4224,4225,1
178,178,dubbo,354,355,0
426,426,spring-data-couchbase,850,851,0
1236,1236,hadoop,2470,2471,1
1101,1101,vCenter_Plugin_DME,2200,2201,1
1604,1604,castle-java,3206,3207,0
599,599,nifi,1196,1197,1
1767,1767,c2mon,3532,3533,1
760,760,weblogic-monitoring-exporter,1518,1519,0
2119,2119,wildfly,4236,4237,1
532,532,spring-hateoas,1062,1063,1
1036,1036,admiral,2070,2071,0
259,259,junit-quickcheck,516,517,0
1015,1015,admiral,2028,2029,1
1038,1038,alluxio,2074,2075,1
1685,1685,eco-schema-catalog,3368,3369,1
265,265,junit-quickcheck,528,529,0
2447,2447,visualee,4892,4893,1
1707,1707,incubator-shardingsphere,3412,3413,1
1835,1835,ormlite-core,3668,3669,0
2220,2220,adyen-java-api-library,4438,4439,0
546,546,spring-hateoas,1090,1091,1
1791,1791,ormlite-core,3580,3581,1
2531,2531,typescript-generator,5060,5061,1
1067,1067,remoting,2132,2133,1
2409,2409,immutables,4816,4817,0
1146,1146,nacos,2290,2291,1
1920,1920,Mapper,3838,3839,1
399,399,Strata,796,797,0
541,541,spring-hateoas,1080,1081,1
1811,1811,ormlite-core,3620,3621,1
663,663,nifi,1324,1325,1
2424,2424,visualee,4846,4847,1
613,613,nifi,1224,1225,1
730,730,nifi,1458,1459,0
1400,1400,Struts,2798,2799,1
2358,2358,Sentinel,4714,4715,1
411,411,vpc-java-sdk,820,821,0
1206,1206,hadoop,2410,2411,1
362,362,amazon-instant-access-sdk-java,722,723,0
2290,2290,Chronicle-Wire,4578,4579,1
948,948,jmeter-datadog-backend-listener,1894,1895,1
1178,1178,hadoop,2354,2355,1
1329,1329,webdrivermanager,2656,2657,1
1207,1207,hadoop,2412,2413,1
2312,2312,Chronicle-Wire,4622,4623,1
888,888,spring-data-gemfire,1774,1775,1
2469,2469,sonar-php,4936,4937,0
2,2,mybatis-3,2,3,0
377,377,flowable-engine,752,753,0
45,45,dubbo,88,89,1
2171,2171,adyen-java-api-library,4340,4341,0
2072,2072,nutz,4142,4143,0
1317,1317,mTracker,2632,2633,1
2440,2440,visualee,4878,4879,1
582,582,nifi,1162,1163,1
1355,1355,hive,2708,2709,1
75,75,dubbo,148,149,1
1749,1749,jfreechart,3496,3497,1
1399,1399,Struts,2796,2797,1
1487,1487,mockserver,2972,2973,1
850,850,facebook-java-business-sdk,1698,1699,0
916,916,DataflowTemplates,1830,1831,1
2048,2048,biojava,4094,4095,1
585,585,nifi,1168,1169,0
1003,1003,admiral,2004,2005,1
1454,1454,openpojo,2906,2907,1
2410,2410,jung,4818,4819,1
1996,1996,ozone,3990,3991,1
768,768,hsac-fitnesse-fixtures,1534,1535,0
39,39,dubbo,76,77,1
139,139,dubbo,276,277,1
276,276,junit-quickcheck,550,551,0
307,307,junit-quickcheck,612,613,0
819,819,jboot,1636,1637,1
1025,1025,admiral,2048,2049,1
301,301,junit-quickcheck,600,601,0
1714,1714,incubator-shardingsphere,3426,3427,1
2106,2106,wildfly,4210,4211,1
66,66,dubbo,130,131,1
2311,2311,Chronicle-Wire,4620,4621,1
789,789,http-request,1576,1577,1
506,506,jackson-dataformats-binary,1010,1011,1
782,782,http-request,1562,1563,1
771,771,hsac-fitnesse-fixtures,1540,1541,1
1985,1985,Mapper,3968,3969,0
2408,2408,immutables,4814,4815,0
117,117,dubbo,232,233,1
395,395,Strata,788,789,0
1676,1676,soot,3350,3351,0
1433,1433,graylog2-server,2864,2865,0
959,959,admiral,1916,1917,1
1899,1899,spring-data-rest,3796,3797,1
386,386,flowable-engine,770,771,0
1330,1330,tyrus,2658,2659,0
792,792,http-request,1582,1583,1
1534,1534,kylin,3066,3067,0
93,93,dubbo,184,185,1
1087,1087,vCenter_Plugin_DME,2172,2173,1
81,81,dubbo,160,161,1
556,556,spring-hateoas,1110,1111,1
739,739,nexus-repository-helm,1476,1477,1
1544,1544,shardingsphere-elasticjob,3086,3087,1
2297,2297,Chronicle-Wire,4592,4593,1
1375,1375,hive,2748,2749,1
1785,1785,ormlite-core,3568,3569,1
691,691,nifi,1380,1381,1
195,195,junit-quickcheck,388,389,0
2077,2077,nutz,4152,4153,0
830,830,rest-assured,1658,1659,0
2289,2289,Chronicle-Wire,4576,4577,1
1378,1378,hive,2754,2755,1
512,512,jsonex,1022,1023,1
704,704,nifi,1406,1407,1
1845,1845,ormlite-core,3688,3689,1
710,710,nifi,1418,1419,1
2434,2434,visualee,4866,4867,1
1273,1273,hadoop,2544,2545,1
1668,1668,pulsar,3334,3335,0
1068,1068,remoting,2134,2135,1
35,35,dubbo,68,69,1
2277,2277,aem-core-wcm-components,4552,4553,1
1354,1354,hive,2706,2707,1
2017,2017,biojava,4032,4033,1
1001,1001,admiral,2000,2001,1
2205,2205,adyen-java-api-library,4408,4409,0
843,843,rest-assured,1684,1685,0
1716,1716,incubator-shardingsphere,3430,3431,1
1195,1195,hadoop,2388,2389,1
1306,1306,hadoop,2610,2611,1
341,341,junit-quickcheck,680,681,0
1227,1227,hadoop,2452,2453,1
1825,1825,ormlite-core,3648,3649,1
2481,2481,bookkeeper,4960,4961,1
2279,2279,aem-core-wcm-components,4556,4557,1
1333,1333,tyrus,2664,2665,1
52,52,dubbo,102,103,1
1201,1201,hadoop,2400,2401,1
1977,1977,Mapper,3952,3953,1
624,624,nifi,1246,1247,1
473,473,spring-data-jpa,944,945,0
2414,2414,jackson-dataformat-xml,4826,4827,1
1436,1436,graylog2-server,2870,2871,0
1799,1799,ormlite-core,3596,3597,1
1150,1150,nacos,2298,2299,1
1529,1529,pair-distribution-app,3056,3057,1
263,263,junit-quickcheck,524,525,0
2520,2520,typescript-generator,5038,5039,1
806,806,vjtools,1610,1611,0
1264,1264,hadoop,2526,2527,1
2372,2372,commons-lang,4742,4743,0
447,447,wro4j,892,893,1
445,445,wro4j,888,889,1
1568,1568,jackrabbit-oak,3134,3135,1
2381,2381,commons-lang,4760,4761,1
1507,1507,mockserver,3012,3013,0
2541,2541,typescript-generator,5080,5081,1
446,446,wro4j,890,891,1
1781,1781,ormlite-core,3560,3561,1
2140,2140,wildfly,4278,4279,1
1200,1200,hadoop,2398,2399,1
389,389,Strata,776,777,0
1033,1033,admiral,2064,2065,1
2149,2149,cxf,4296,4297,1
606,606,nifi,1210,1211,1
420,420,vpc-java-sdk,838,839,0
2444,2444,visualee,4886,4887,1
71,71,dubbo,140,141,1
2233,2233,adyen-java-api-library,4464,4465,0
2099,2099,karaf,4196,4197,1
2347,2347,jReddit,4692,4693,0
41,41,dubbo,80,81,1
1772,1772,ormlite-core,3542,3543,1
1662,1662,pulsar,3322,3323,0
1157,1157,yoctodb,2312,2313,1
2150,2150,cxf,4298,4299,1
2064,2064,tessera,4126,4127,1
378,378,flowable-engine,754,755,1
321,321,junit-quickcheck,640,641,0
2078,2078,nutz,4154,4155,0
1970,1970,Mapper,3938,3939,1
995,995,admiral,1988,1989,1
1658,1658,vertx-completable-future,3314,3315,1
262,262,junit-quickcheck,522,523,0
570,570,nifi,1138,1139,1
929,929,DataflowTemplates,1856,1857,1
602,602,nifi,1202,1203,1
1060,1060,commons-collections,2118,2119,0
72,72,dubbo,142,143,1
59,59,dubbo,116,117,1
126,126,dubbo,250,251,1
1380,1380,hive,2758,2759,1
1809,1809,ormlite-core,3616,3617,1
1984,1984,Mapper,3966,3967,1
886,886,spring-data-gemfire,1770,1771,1
1259,1259,hadoop,2516,2517,1
1191,1191,hadoop,2380,2381,1
1421,1421,graylog2-server,2840,2841,0
618,618,nifi,1234,1235,1
2348,2348,jReddit,4694,4695,0
1789,1789,ormlite-core,3576,3577,1
2053,2053,biojava,4104,4105,1
2506,2506,undertow,5010,5011,1
1765,1765,c2mon,3528,3529,1
947,947,dropwizard,1892,1893,1
2320,2320,Chronicle-Wire,4638,4639,1
961,961,admiral,1920,1921,1
1479,1479,Rosetta,2956,2957,1
2470,2470,yawp,4938,4939,1
2313,2313,Chronicle-Wire,4624,4625,0
1805,1805,ormlite-core,3608,3609,1
573,573,nifi,1144,1145,1
1151,1151,nacos,2300,2301,1
2050,2050,biojava,4098,4099,1
148,148,dubbo,294,295,1
2325,2325,Chronicle-Wire,4648,4649,1
2267,2267,feign,4532,4533,0
2306,2306,Chronicle-Wire,4610,4611,1
340,340,junit-quickcheck,678,679,0
2174,2174,adyen-java-api-library,4346,4347,0
1294,1294,hadoop,2586,2587,1
1885,1885,opennlp,3768,3769,1
1852,1852,ormlite-core,3702,3703,1
1588,1588,utils,3174,3175,0
96,96,dubbo,190,191,1
369,369,flowable-engine,736,737,1
1346,1346,querydsl,2690,2691,1
615,615,nifi,1228,1229,1
962,962,admiral,1922,1923,1
591,591,nifi,1180,1181,1
249,249,junit-quickcheck,496,497,0
1518,1518,mockserver,3034,3035,0
2340,2340,sos,4678,4679,1
1077,1077,mercury,2152,2153,1
61,61,dubbo,120,121,1
1514,1514,mockserver,3026,3027,1
2445,2445,visualee,4888,4889,1
156,156,dubbo,310,311,1
679,679,nifi,1356,1357,1
2505,2505,undertow,5008,5009,1
1188,1188,hadoop,2374,2375,1
958,958,admiral,1914,1915,1
610,610,nifi,1218,1219,1
931,931,DataflowTemplates,1860,1861,1
1841,1841,ormlite-core,3680,3681,1
2455,2455,visualee,4908,4909,1
298,298,junit-quickcheck,594,595,0
1351,1351,hive,2700,2701,1
511,511,jsonex,1020,1021,1
1788,1788,ormlite-core,3574,3575,1
733,733,nifi,1464,1465,0
1318,1318,mTracker,2634,2635,1
67,67,dubbo,132,133,1
906,906,DataflowTemplates,1810,1811,1
2173,2173,adyen-java-api-library,4344,4345,0
1724,1724,cloud-slang,3446,3447,1
1527,1527,pair-distribution-app,3052,3053,1
1282,1282,hadoop,2562,2563,1
366,366,archiva,730,731,1
1093,1093,vCenter_Plugin_DME,2184,2185,1
2501,2501,undertow,5000,5001,1
1356,1356,hive,2710,2711,1
1979,1979,Mapper,3956,3957,1
2228,2228,adyen-java-api-library,4454,4455,0
630,630,nifi,1258,1259,1
1149,1149,nacos,2296,2297,1
577,577,nifi,1152,1153,1
2287,2287,Chronicle-Wire,4572,4573,1
151,151,dubbo,300,301,1
2417,2417,jackson-dataformat-xml,4832,4833,1
29,29,dubbo,56,57,1
640,640,nifi,1278,1279,1
904,904,DataflowTemplates,1806,1807,1
638,638,nifi,1274,1275,1
702,702,nifi,1402,1403,1
347,347,marine-api,692,693,1
2301,2301,Chronicle-Wire,4600,4601,1
77,77,dubbo,152,153,1
1115,1115,riptide,2228,2229,1
944,944,dropwizard,1886,1887,1
245,245,junit-quickcheck,488,489,0
836,836,rest-assured,1670,1671,0
2250,2250,adyen-java-api-library,4498,4499,0
2271,2271,pippo,4540,4541,1
2239,2239,adyen-java-api-library,4476,4477,0
2023,2023,biojava,4044,4045,1
1989,1989,ozone,3976,3977,1
430,430,junit4,858,859,1
1808,1808,ormlite-core,3614,3615,1
7,7,aws-dynamodb-encryption-java,12,13,0
855,855,botbuilder-java,1708,1709,0
1366,1366,hive,2730,2731,1
380,380,flowable-engine,758,759,1
2049,2049,biojava,4096,4097,1
1753,1753,java-sdk-core,3504,3505,0
2342,2342,asset-share-commons,4682,4683,1
202,202,junit-quickcheck,402,403,0
1792,1792,ormlite-core,3582,3583,1
1501,1501,mockserver,3000,3001,0
2025,2025,biojava,4048,4049,1
1072,1072,remoting,2142,2143,1
837,837,rest-assured,1672,1673,0
1190,1190,hadoop,2378,2379,1
713,713,nifi,1424,1425,1
2082,2082,jndn-utils,4162,4163,1
2401,2401,immutables,4800,4801,0
31,31,dubbo,60,61,1
1525,1525,mockserver,3048,3049,0
273,273,junit-quickcheck,544,545,0
2134,2134,wildfly,4266,4267,1
1940,1940,Mapper,3878,3879,1
293,293,junit-quickcheck,584,585,0
724,724,nifi,1446,1447,1
1181,1181,hadoop,2360,2361,1
981,981,admiral,1960,1961,1
1419,1419,graylog2-server,2836,2837,0
669,669,nifi,1336,1337,1
701,701,nifi,1400,1401,1
73,73,dubbo,144,145,1
1585,1585,taxonomy-sdk,3168,3169,0
2083,2083,incubator-wayang,4164,4165,1
1999,1999,ozone,3996,3997,1
2067,2067,sawmill,4132,4133,1
1032,1032,admiral,2062,2063,1
1881,1881,ormlite-core,3760,3761,1
2020,2020,biojava,4038,4039,1
1498,1498,mockserver,2994,2995,1
2309,2309,Chronicle-Wire,4616,4617,1
136,136,dubbo,270,271,1
1877,1877,ormlite-core,3752,3753,1
1599,1599,jackson-module-jsonSchema,3196,3197,0
1442,1442,graylog2-server,2882,2883,0
1361,1361,hive,2720,2721,1
332,332,junit-quickcheck,662,663,0
1467,1467,openpojo,2932,2933,1
1262,1262,hadoop,2522,2523,1
1304,1304,hadoop,2606,2607,1
78,78,dubbo,154,155,1
1869,1869,ormlite-core,3736,3737,1
1795,1795,ormlite-core,3588,3589,1
553,553,spring-hateoas,1104,1105,1
561,561,cukes,1120,1121,1
729,729,nifi,1456,1457,0
2121,2121,wildfly,4240,4241,1
2337,2337,citrus,4672,4673,1
2521,2521,typescript-generator,5040,5041,1
145,145,dubbo,288,289,1
2179,2179,adyen-java-api-library,4356,4357,0
2257,2257,spring-data-jdbc,4512,4513,1
201,201,junit-quickcheck,400,401,0
422,422,vpc-java-sdk,842,843,0
1706,1706,incubator-shardingsphere,3410,3411,1
85,85,dubbo,168,169,1
1691,1691,db-scheduler,3380,3381,1
469,469,jackson-modules-base,936,937,1
1681,1681,eco-schema-catalog,3360,3361,1
1128,1128,nacos,2254,2255,0
759,759,weblogic-monitoring-exporter,1516,1517,0
427,427,spring-data-couchbase,852,853,0
1945,1945,Mapper,3888,3889,1
1675,1675,soot,3348,3349,0
2063,2063,tessera,4124,4125,1
2513,2513,typescript-generator,5024,5025,1
2379,2379,commons-lang,4756,4757,0
1345,1345,querydsl,2688,2689,1
1966,1966,Mapper,3930,3931,1
2352,2352,braintree_java,4702,4703,0
823,823,jboot,1644,1645,1
1126,1126,nacos,2250,2251,1
1688,1688,db-scheduler,3374,3375,1
47,47,dubbo,92,93,1
1332,1332,tyrus,2662,2663,1
2283,2283,aem-core-wcm-components,4564,4565,1
1291,1291,hadoop,2580,2581,1
1037,1037,admiral,2072,2073,0
421,421,vpc-java-sdk,840,841,0
255,255,junit-quickcheck,508,509,0
2495,2495,oci-hdfs-connector,4988,4989,1
1285,1285,hadoop,2568,2569,1
1214,1214,hadoop,2426,2427,1
2329,2329,Chronicle-Wire,4656,4657,0
435,435,wro4j,868,869,1
1684,1684,eco-schema-catalog,3366,3367,1
300,300,junit-quickcheck,598,599,0
611,611,nifi,1220,1221,1
1566,1566,jackrabbit-oak,3130,3131,1
1876,1876,ormlite-core,3750,3751,1
1218,1218,hadoop,2434,2435,1
1655,1655,guava,3308,3309,1
278,278,junit-quickcheck,554,555,0
1703,1703,datadog-kafka-connect-logs,3404,3405,0
1762,1762,pdfbox,3522,3523,1
1633,1633,timely,3264,3265,1
2304,2304,Chronicle-Wire,4606,4607,1
1316,1316,mTracker,2630,2631,1
1160,1160,edn-java,2318,2319,0
2124,2124,wildfly,4246,4247,1
434,434,Universal-G-Code-Sender,866,867,1
699,699,nifi,1396,1397,1
474,474,spring-data-jpa,946,947,0
1024,1024,admiral,2046,2047,1
2037,2037,biojava,4072,4073,1
1430,1430,graylog2-server,2858,2859,0
1278,1278,hadoop,2554,2555,1
1044,1044,Slimefun4,2086,2087,0
129,129,dubbo,256,257,0
292,292,junit-quickcheck,582,583,0
1624,1624,castle-java,3246,3247,0
892,892,spring-data-gemfire,1782,1783,0
1833,1833,ormlite-core,3664,3665,1
919,919,DataflowTemplates,1836,1837,1
2178,2178,adyen-java-api-library,4354,4355,0
2175,2175,adyen-java-api-library,4348,4349,0
1764,1764,authy-java,3526,3527,1
313,313,junit-quickcheck,624,625,0
941,941,dropwizard,1880,1881,1
772,772,hsac-fitnesse-fixtures,1542,1543,0
1174,1174,hadoop,2346,2347,1
1670,1670,amazon-hub-counter-sdk-java,3338,3339,0
266,266,junit-quickcheck,530,531,0
2268,2268,pippo,4534,4535,1
375,375,flowable-engine,748,749,1
2045,2045,biojava,4088,4089,1
908,908,DataflowTemplates,1814,1815,1
471,471,jackson-modules-base,940,941,0
534,534,spring-hateoas,1066,1067,1
1323,1323,easy-retry,2644,2645,1
769,769,hsac-fitnesse-fixtures,1536,1537,0
97,97,dubbo,192,193,1
1924,1924,Mapper,3846,3847,1
2376,2376,commons-lang,4750,4751,0
2284,2284,aem-core-wcm-components,4566,4567,1
37,37,dubbo,72,73,1
323,323,junit-quickcheck,644,645,0
1088,1088,vCenter_Plugin_DME,2174,2175,1
1058,1058,commons-collections,2114,2115,1
1443,1443,graylog2-server,2884,2885,0
898,898,DataflowTemplates,1794,1795,1
1447,1447,ecchronos,2892,2893,0
583,583,nifi,1164,1165,0
542,542,spring-hateoas,1082,1083,1
1671,1671,amazon-hub-counter-sdk-java,3340,3341,0
869,869,apollo,1736,1737,1
1331,1331,tyrus,2660,2661,0
2544,2544,typescript-generator,5086,5087,1
133,133,dubbo,264,265,0
1627,1627,castle-java,3252,3253,0
177,177,dubbo,352,353,0
1602,1602,castle-java,3202,3203,0
2419,2419,jackson-dataformat-xml,4836,4837,0
1298,1298,hadoop,2594,2595,1
1705,1705,incubator-shardingsphere,3408,3409,1
1751,1751,tamper,3500,3501,1
92,92,dubbo,182,183,1
2005,2005,ozone,4008,4009,1
2519,2519,typescript-generator,5036,5037,1
2474,2474,incubator-shenyu,4946,4947,0
1177,1177,hadoop,2352,2353,1
1721,1721,liquibase,3440,3441,0
1055,1055,incubator-ratis,2108,2109,0
1995,1995,ozone,3988,3989,1
2557,2557,druid,5112,5113,0
1005,1005,admiral,2008,2009,1
2002,2002,ozone,4002,4003,1
1828,1828,ormlite-core,3654,3655,1
211,211,junit-quickcheck,420,421,0
715,715,nifi,1428,1429,1
1641,1641,spring-data-cassandra,3280,3281,0
2394,2394,commons-lang,4786,4787,0
416,416,vpc-java-sdk,830,831,0
2034,2034,biojava,4066,4067,1
165,165,dubbo,328,329,1
2323,2323,Chronicle-Wire,4644,4645,1
1982,1982,Mapper,3962,3963,1
513,513,jsonex,1024,1025,1
1626,1626,castle-java,3250,3251,0
1528,1528,pair-distribution-app,3054,3055,1
1503,1503,mockserver,3004,3005,0
1907,1907,spring-data-rest,3812,3813,1
157,157,dubbo,312,313,1
1439,1439,graylog2-server,2876,2877,0
1976,1976,Mapper,3950,3951,1
1630,1630,timely,3258,3259,0
1202,1202,hadoop,2402,2403,1
924,924,DataflowTemplates,1846,1847,1
1312,1312,hadoop,2622,2623,0
1629,1629,underscore-java,3256,3257,0
1387,1387,hive,2772,2773,0
1328,1328,snowflake-jdbc,2654,2655,1
1449,1449,whois,2896,2897,1
1961,1961,Mapper,3920,3921,1
142,142,dubbo,282,283,1
820,820,jboot,1638,1639,1
333,333,junit-quickcheck,664,665,0
1484,1484,graphhopper,2966,2967,1
717,717,nifi,1432,1433,1
1280,1280,hadoop,2558,2559,1
1388,1388,hive,2774,2775,1
2426,2426,visualee,4850,4851,1
2262,2262,feign,4522,4523,0
2158,2158,cxf,4314,4315,1
1289,1289,hadoop,2576,2577,1
519,519,jsonex,1036,1037,1
786,786,http-request,1570,1571,1
355,355,tribuo,708,709,1
576,576,nifi,1150,1151,1
161,161,dubbo,320,321,1
205,205,junit-quickcheck,408,409,0
1783,1783,ormlite-core,3564,3565,1
1194,1194,hadoop,2386,2387,1
1369,1369,hive,2736,2737,1
683,683,nifi,1364,1365,1
1192,1192,hadoop,2382,2383,1
417,417,vpc-java-sdk,832,833,0
1043,1043,Slimefun4,2084,2085,0
1870,1870,ormlite-core,3738,3739,1
2117,2117,wildfly,4232,4233,1
1509,1509,mockserver,3016,3017,1
119,119,dubbo,236,237,1
540,540,spring-hateoas,1078,1079,1
1163,1163,spring-cloud-kubernetes,2324,2325,1
1858,1858,ormlite-core,3714,3715,1
2295,2295,Chronicle-Wire,4588,4589,1
1302,1302,hadoop,2602,2603,1
2441,2441,visualee,4880,4881,1
1770,1770,ormlite-core,3538,3539,1
2404,2404,immutables,4806,4807,0
2553,2553,commons-math,5104,5105,0
2102,2102,wildfly,4202,4203,1
2397,2397,commons-lang,4792,4793,0
774,774,hsac-fitnesse-fixtures,1546,1547,0
279,279,junit-quickcheck,556,557,0
1557,1557,shardingsphere-elasticjob,3112,3113,1
619,619,nifi,1236,1237,1
367,367,archiva,732,733,1
2412,2412,jackson-dataformat-xml,4822,4823,0
1991,1991,ozone,3980,3981,1
2291,2291,Chronicle-Wire,4580,4581,1
569,569,nifi,1136,1137,1
2321,2321,Chronicle-Wire,4640,4641,1
1874,1874,ormlite-core,3746,3747,1
1947,1947,Mapper,3892,3893,1
1729,1729,cloud-slang,3456,3457,1
2090,2090,openapi-generator,4178,4179,0
903,903,DataflowTemplates,1804,1805,1
2543,2543,typescript-generator,5084,5085,1
491,491,scimono,980,981,1
390,390,Strata,778,779,0
988,988,admiral,1974,1975,1
996,996,admiral,1990,1991,1
190,190,junit-quickcheck,378,379,0
1385,1385,hive,2768,2769,1
1372,1372,hive,2742,2743,1
1287,1287,hadoop,2572,2573,1
678,678,nifi,1354,1355,1
915,915,DataflowTemplates,1828,1829,1
1908,1908,spring-data-rest,3814,3815,1
1156,1156,nacos,2310,2311,0
1217,1217,hadoop,2432,2433,1
10,10,dubbo,18,19,1
752,752,Singularity,1502,1503,1
1365,1365,hive,2728,2729,1
465,465,openwebbeans,928,929,1
2363,2363,Sentinel,4724,4725,0
199,199,junit-quickcheck,396,397,0
459,459,wro4j,916,917,1
2374,2374,commons-lang,4746,4747,0
1320,1320,emobility-smart-charging,2638,2639,1
2450,2450,visualee,4898,4899,1
1631,1631,timely,3260,3261,0
1862,1862,ormlite-core,3722,3723,1
158,158,dubbo,314,315,1
2056,2056,biojava,4110,4111,1
1431,1431,graylog2-server,2860,2861,1
2314,2314,Chronicle-Wire,4626,4627,1
1117,1117,riptide,2232,2233,1
1816,1816,ormlite-core,3630,3631,1
27,27,dubbo,52,53,1
1118,1118,riptide,2234,2235,1
2451,2451,visualee,4900,4901,1
1379,1379,hive,2756,2757,1
1221,1221,hadoop,2440,2441,1
971,971,admiral,1940,1941,1
1600,1600,jackson-module-jsonSchema,3198,3199,0
184,184,junit-quickcheck,366,367,0
2215,2215,adyen-java-api-library,4428,4429,0
1054,1054,incubator-ratis,2106,2107,1
545,545,spring-hateoas,1088,1089,1
787,787,http-request,1572,1573,1
1573,1573,jackrabbit-oak,3144,3145,1
588,588,nifi,1174,1175,1
1613,1613,castle-java,3224,3225,0
1499,1499,mockserver,2996,2997,1
1197,1197,hadoop,2392,2393,1
963,963,admiral,1924,1925,1
2539,2539,typescript-generator,5076,5077,1
2458,2458,visualee,4914,4915,1
1735,1735,rrd4j,3468,3469,1
65,65,dubbo,128,129,1
2040,2040,biojava,4078,4079,1
1919,1919,Mapper,3836,3837,1
485,485,Digital,968,969,1
2225,2225,adyen-java-api-library,4448,4449,0
514,514,jsonex,1026,1027,1
894,894,secor,1786,1787,1
2249,2249,adyen-java-api-library,4496,4497,0
1596,1596,jackson-module-jsonSchema,3190,3191,0
358,358,tribuo,714,715,1
1580,1580,jackrabbit-oak,3158,3159,1
1589,1589,utils,3176,3177,0
1255,1255,hadoop,2508,2509,1
938,938,dropwizard,1874,1875,1
1144,1144,nacos,2286,2287,1
1638,1638,geronimo-batchee,3274,3275,1
406,406,jackson-dataformats-text,810,811,1
2335,2335,citrus,4668,4669,1
1565,1565,jackrabbit-oak,3128,3129,1
109,109,dubbo,216,217,1
1530,1530,pair-distribution-app,3058,3059,1
2318,2318,Chronicle-Wire,4634,4635,1
2013,2013,dubbo-admin,4024,4025,1
1079,1079,hutool,2156,2157,0
1611,1611,castle-java,3220,3221,0
1742,1742,karate,3482,3483,0
801,801,http-request,1600,1601,1
2168,2168,adyen-java-api-library,4334,4335,0
1223,1223,hadoop,2444,2445,1
1640,1640,spring-data-cassandra,3278,3279,0
1473,1473,openpojo,2944,2945,0
454,454,wro4j,906,907,1
2006,2006,ozone,4010,4011,1
814,814,java-classmate,1626,1627,0
376,376,flowable-engine,750,751,0
88,88,dubbo,174,175,1
2164,2164,SchemaCrawler,4326,4327,1
2480,2480,bookkeeper,4958,4959,1
1886,1886,opennlp,3770,3771,1
501,501,jackson-dataformats-binary,1000,1001,1
302,302,junit-quickcheck,602,603,0
295,295,junit-quickcheck,588,589,0
456,456,wro4j,910,911,1
24,24,dubbo,46,47,1
2128,2128,wildfly,4254,4255,1
1022,1022,admiral,2042,2043,1
309,309,junit-quickcheck,616,617,0
2523,2523,typescript-generator,5044,5045,1
834,834,rest-assured,1666,1667,0
1581,1581,jackrabbit-oak,3160,3161,1
2261,2261,spring-data-jdbc,4520,4521,1
433,433,Universal-G-Code-Sender,864,865,1
1228,1228,hadoop,2454,2455,1
1367,1367,hive,2732,2733,1
2559,2559,druid,5116,5117,0
1422,1422,graylog2-server,2842,2843,0
673,673,nifi,1344,1345,1
565,565,nifi,1128,1129,1
1376,1376,hive,2750,2751,1
370,370,flowable-engine,738,739,1
2007,2007,ozone,4012,4013,1
1026,1026,admiral,2050,2051,1
2422,2422,visualee,4842,4843,1
1560,1560,Algorithms,3118,3119,1
2170,2170,adyen-java-api-library,4338,4339,0
1911,1911,Mapper,3820,3821,1
2305,2305,Chronicle-Wire,4608,4609,1
2018,2018,biojava,4034,4035,1
173,173,dubbo,344,345,0
2383,2383,commons-lang,4764,4765,0
230,230,junit-quickcheck,458,459,0
580,580,nifi,1158,1159,1
198,198,junit-quickcheck,394,395,0
2224,2224,adyen-java-api-library,4446,4447,0
578,578,nifi,1154,1155,1
1910,1910,Mapper,3818,3819,1
373,373,flowable-engine,744,745,1
218,218,junit-quickcheck,434,435,0
645,645,nifi,1288,1289,1
2151,2151,cxf,4300,4301,1
1950,1950,Mapper,3898,3899,1
444,444,wro4j,886,887,1
989,989,admiral,1976,1977,1
11,11,dubbo,20,21,1
2195,2195,adyen-java-api-library,4388,4389,0
1251,1251,hadoop,2500,2501,1
449,449,wro4j,896,897,1
1124,1124,json-schema-validator,2246,2247,0
523,523,retrofit,1044,1045,1
2551,2551,commons-math,5100,5101,0
2464,2464,visualee,4926,4927,1
1042,1042,Slimefun4,2082,2083,0
590,590,nifi,1178,1179,1
191,191,junit-quickcheck,380,381,0
880,880,jnr-posix,1758,1759,1
1172,1172,hadoop,2342,2343,1
2524,2524,typescript-generator,5046,5047,1
1779,1779,ormlite-core,3556,3557,1
719,719,nifi,1436,1437,1
2346,2346,jReddit,4690,4691,0
1992,1992,ozone,3982,3983,1
1551,1551,shardingsphere-elasticjob,3100,3101,1
743,743,Singularity,1484,1485,1
917,917,DataflowTemplates,1832,1833,1
250,250,junit-quickcheck,498,499,0
1819,1819,ormlite-core,3636,3637,1
895,895,secor,1788,1789,1
1284,1284,hadoop,2566,2567,1
464,464,openwebbeans,926,927,1
1090,1090,vCenter_Plugin_DME,2178,2179,1
413,413,vpc-java-sdk,824,825,0
2069,2069,disconf,4136,4137,1
140,140,dubbo,278,279,1
215,215,junit-quickcheck,428,429,0
934,934,DataflowTemplates,1866,1867,1
601,601,nifi,1200,1201,1
1142,1142,nacos,2282,2283,1
120,120,dubbo,238,239,1
909,909,DataflowTemplates,1816,1817,1
2193,2193,adyen-java-api-library,4384,4385,0
2234,2234,adyen-java-api-library,4466,4467,0
1510,1510,mockserver,3018,3019,1
1283,1283,hadoop,2564,2565,1
1111,1111,atlas,2220,2221,0
2438,2438,visualee,4874,4875,1
1552,1552,shardingsphere-elasticjob,3102,3103,1
1108,1108,atlas,2214,2215,1
1171,1171,hadoop,2340,2341,1
1010,1010,admiral,2018,2019,1
1738,1738,rrd4j,3474,3475,1
2105,2105,wildfly,4208,4209,1
256,256,junit-quickcheck,510,511,0
290,290,junit-quickcheck,578,579,0
1954,1954,Mapper,3906,3907,1
2399,2399,commons-lang,4796,4797,0
1784,1784,ormlite-core,3566,3567,1
2353,2353,braintree_java,4704,4705,0
1062,1062,commons-collections,2122,2123,0
70,70,dubbo,138,139,1
1584,1584,taxonomy-sdk,3166,3167,0
1179,1179,hadoop,2356,2357,1
314,314,junit-quickcheck,626,627,0
2236,2236,adyen-java-api-library,4470,4471,0
2460,2460,visualee,4918,4919,1
2430,2430,visualee,4858,4859,1
881,881,jnr-posix,1760,1761,1
2266,2266,feign,4530,4531,0
1337,1337,tyrus,2672,2673,1
2159,2159,jackson-module-afterburner,4316,4317,1
1193,1193,hadoop,2384,2385,1
2537,2537,typescript-generator,5072,5073,1
1296,1296,hadoop,2590,2591,1
118,118,dubbo,234,235,1
243,243,junit-quickcheck,484,485,0
520,520,jsonex,1038,1039,1
1601,1601,jackson-module-jsonSchema,3200,3201,0
652,652,nifi,1302,1303,1
197,197,junit-quickcheck,392,393,0
49,49,dubbo,96,97,1
115,115,dubbo,228,229,1
1660,1660,pulsar,3318,3319,0
667,667,nifi,1332,1333,1
1491,1491,mockserver,2980,2981,1
2076,2076,nutz,4150,4151,0
866,866,apollo,1730,1731,1
193,193,junit-quickcheck,384,385,0
326,326,junit-quickcheck,650,651,0
1438,1438,graylog2-server,2874,2875,0
1980,1980,Mapper,3958,3959,1
1096,1096,vCenter_Plugin_DME,2190,2191,1
756,756,AuthMeReloaded,1510,1511,0
999,999,admiral,1996,1997,1
2227,2227,adyen-java-api-library,4452,4453,0
498,498,scimono,994,995,1
2116,2116,wildfly,4230,4231,1
2157,2157,cxf,4312,4313,1
437,437,wro4j,872,873,1
574,574,nifi,1146,1147,1
2200,2200,adyen-java-api-library,4398,4399,0
551,551,spring-hateoas,1100,1101,1
2366,2366,commons-lang,4730,4731,0
224,224,junit-quickcheck,446,447,0
2357,2357,Sentinel,4712,4713,1
1650,1650,guava,3298,3299,1
1260,1260,hadoop,2518,2519,1
1769,1769,c2mon,3536,3537,1
1274,1274,hadoop,2546,2547,1
1435,1435,graylog2-server,2868,2869,0
2214,2214,adyen-java-api-library,4426,4427,0
790,790,http-request,1578,1579,1
1615,1615,castle-java,3228,3229,0
2014,2014,biojava,4026,4027,1
1896,1896,spring-data-rest,3790,3791,1
252,252,junit-quickcheck,502,503,0
1370,1370,hive,2738,2739,1
2536,2536,typescript-generator,5070,5071,1
1104,1104,vCenter_Plugin_DME,2206,2207,1
1121,1121,riptide,2240,2241,1
438,438,wro4j,874,875,1
1820,1820,ormlite-core,3638,3639,1
1405,1405,fluent-logger-java,2808,2809,1
1800,1800,ormlite-core,3598,3599,1
1063,1063,commons-collections,2124,2125,0
30,30,dubbo,58,59,1
1666,1666,pulsar,3330,3331,0
950,950,linq4j,1898,1899,1
481,481,jackson-databind,960,961,0
510,510,jsonex,1018,1019,1
686,686,nifi,1370,1371,1
1572,1572,jackrabbit-oak,3142,3143,1
1168,1168,hadoop,2334,2335,1
1818,1818,ormlite-core,3634,3635,1
2096,2096,openapi-generator,4190,4191,0
1164,1164,spring-cloud-kubernetes,2326,2327,1
2534,2534,typescript-generator,5066,5067,1
798,798,http-request,1594,1595,1
147,147,dubbo,292,293,1
1266,1266,hadoop,2530,2531,1
267,267,junit-quickcheck,532,533,0
1848,1848,ormlite-core,3694,3695,1
1659,1659,pulsar,3316,3317,0
2039,2039,biojava,4076,4077,1
1865,1865,ormlite-core,3728,3729,1
2114,2114,wildfly,4226,4227,1
372,372,flowable-engine,742,743,1
1408,1408,fluent-logger-java,2814,2815,1
1847,1847,ormlite-core,3692,3693,1
873,873,apollo,1744,1745,0
891,891,spring-data-gemfire,1780,1781,0
2296,2296,Chronicle-Wire,4590,4591,1
1943,1943,Mapper,3884,3885,1
563,563,tools,1124,1125,1
1048,1048,jinjava,2094,2095,0
1701,1701,oryx,3400,3401,0
656,656,nifi,1310,1311,1
1801,1801,ormlite-core,3600,3601,1
450,450,wro4j,898,899,1
2428,2428,visualee,4854,4855,1
883,883,jnr-posix,1764,1765,1
1186,1186,hadoop,2370,2371,1
348,348,marine-api,694,695,1
2110,2110,wildfly,4218,4219,1
1319,1319,vertx-mqtt,2636,2637,1
984,984,admiral,1966,1967,1
899,899,DataflowTemplates,1796,1797,1
1731,1731,cloud-slang,3460,3461,1
1102,1102,vCenter_Plugin_DME,2202,2203,1
681,681,nifi,1360,1361,1
1930,1930,Mapper,3858,3859,1
632,632,nifi,1262,1263,1
1084,1084,hutool,2166,2167,0
1347,1347,querydsl,2692,2693,1
460,460,wro4j,918,919,1
2094,2094,openapi-generator,4186,4187,0
1605,1605,castle-java,3208,3209,0
1603,1603,castle-java,3204,3205,0
1152,1152,nacos,2302,2303,1
496,496,scimono,990,991,1
488,488,Digital,974,975,0
1489,1489,mockserver,2976,2977,1
4,4,aws-dynamodb-encryption-java,6,7,0
457,457,wro4j,912,913,1
1002,1002,admiral,2002,2003,1
1756,1756,java-sdk-core,3510,3511,0
297,297,junit-quickcheck,592,593,0
1553,1553,shardingsphere-elasticjob,3104,3105,1
1515,1515,mockserver,3028,3029,1
311,311,junit-quickcheck,620,621,0
2024,2024,biojava,4046,4047,1
822,822,jboot,1642,1643,1
1263,1263,hadoop,2524,2525,1
1434,1434,graylog2-server,2866,2867,0
324,324,junit-quickcheck,646,647,0
1131,1131,nacos,2260,2261,1
2324,2324,Chronicle-Wire,4646,4647,1
502,502,jackson-dataformats-binary,1002,1003,1
1198,1198,hadoop,2394,2395,1
187,187,junit-quickcheck,372,373,0
737,737,spring-cloud-config,1472,1473,1
1338,1338,tyrus,2674,2675,1
1020,1020,admiral,2038,2039,1
639,639,nifi,1276,1277,1
2060,2060,biojava,4118,4119,1
692,692,nifi,1382,1383,1
544,544,spring-hateoas,1086,1087,1
247,247,junit-quickcheck,492,493,0
1019,1019,admiral,2036,2037,1
1314,1314,JSON-java,2626,2627,1
1857,1857,ormlite-core,3712,3713,1
2009,2009,ozone,4016,4017,1
927,927,DataflowTemplates,1852,1853,1
770,770,hsac-fitnesse-fixtures,1538,1539,0
641,641,nifi,1280,1281,1
152,152,dubbo,302,303,1
2552,2552,commons-math,5102,5103,1
1761,1761,java-sdk-core,3520,3521,0
1575,1575,jackrabbit-oak,3148,3149,1
436,436,wro4j,870,871,1
1737,1737,rrd4j,3472,3473,1
2341,2341,asset-share-commons,4680,4681,1
2145,2145,cxf,4288,4289,1
2336,2336,citrus,4670,4671,1
626,626,nifi,1250,1251,1
620,620,nifi,1238,1239,1
649,649,nifi,1296,1297,1
233,233,junit-quickcheck,464,465,0
1690,1690,db-scheduler,3378,3379,1
1275,1275,hadoop,2548,2549,1
153,153,dubbo,304,305,1
1496,1496,mockserver,2990,2991,1
2254,2254,classgraph,4506,4507,0
1872,1872,ormlite-core,3742,3743,1
526,526,retrofit,1050,1051,1
991,991,admiral,1980,1981,1
2135,2135,wildfly,4268,4269,1
143,143,dubbo,284,285,1
2427,2427,visualee,4852,4853,1
575,575,nifi,1148,1149,1
1390,1390,hive,2778,2779,0
1867,1867,ormlite-core,3732,3733,1
808,808,vjtools,1614,1615,0
28,28,dubbo,54,55,1
835,835,rest-assured,1668,1669,0
1708,1708,incubator-shardingsphere,3414,3415,1
826,826,jboot,1650,1651,1
1826,1826,ormlite-core,3650,3651,1
2472,2472,guice,4942,4943,0
2246,2246,adyen-java-api-library,4490,4491,0
807,807,vjtools,1612,1613,0
192,192,junit-quickcheck,382,383,0
155,155,dubbo,308,309,1
338,338,junit-quickcheck,674,675,0
812,812,java-classmate,1622,1623,0
2226,2226,adyen-java-api-library,4450,4451,0
1775,1775,ormlite-core,3548,3549,1
1983,1983,Mapper,3964,3965,1
2109,2109,wildfly,4216,4217,1
349,349,marine-api,696,697,1
53,53,dubbo,104,105,1
846,846,rest-assured,1690,1691,0
2054,2054,biojava,4106,4107,1
943,943,dropwizard,1884,1885,1
503,503,jackson-dataformats-binary,1004,1005,1
1669,1669,vertexium,3336,3337,1
103,103,dubbo,204,205,1
1409,1409,spring-data-ebean,2816,2817,0
2016,2016,biojava,4030,4031,1
885,885,spring-data-gemfire,1768,1769,1
740,740,Singularity,1478,1479,1
1968,1968,Mapper,3934,3935,1
112,112,dubbo,222,223,1
289,289,junit-quickcheck,576,577,0
1719,1719,incubator-shardingsphere,3436,3437,0
1608,1608,castle-java,3214,3215,0
228,228,junit-quickcheck,454,455,0
1052,1052,jinjava,2102,2103,0
2208,2208,adyen-java-api-library,4414,4415,0
1648,1648,jetcache,3294,3295,0
1637,1637,timely,3272,3273,0
1468,1468,openpojo,2934,2935,1
1485,1485,graphhopper,2968,2969,1
1293,1293,hadoop,2584,2585,1
374,374,flowable-engine,746,747,1
1923,1923,Mapper,3844,3845,1
1519,1519,mockserver,3036,3037,0
1469,1469,openpojo,2936,2937,1
560,560,spring-hateoas,1118,1119,1
896,896,secor,1790,1791,1
2317,2317,Chronicle-Wire,4632,4633,1
728,728,nifi,1454,1455,1
410,410,vpc-java-sdk,818,819,0
2088,2088,openapi-generator,4174,4175,0
1780,1780,ormlite-core,3558,3559,1
1413,1413,cayenne,2824,2825,1
858,858,botbuilder-java,1714,1715,0
1607,1607,castle-java,3212,3213,0
1166,1166,hadoop,2330,2331,1
74,74,dubbo,146,147,1
1956,1956,Mapper,3910,3911,1
2142,2142,wildfly,4282,4283,1
653,653,nifi,1304,1305,1
2166,2166,org.openhab.binding.zwave,4330,4331,0
1893,1893,cp-ddd-framework,3784,3785,1
2484,2484,hraven,4966,4967,1
344,344,junit-quickcheck,686,687,0
817,817,jboot,1632,1633,1
2461,2461,visualee,4920,4921,1
531,531,spring-hateoas,1060,1061,1
1457,1457,openpojo,2912,2913,1
2059,2059,biojava,4116,4117,1
1851,1851,ormlite-core,3700,3701,1
727,727,nifi,1452,1453,1
2368,2368,commons-lang,4734,4735,0
1343,1343,ollie,2684,2685,1
956,956,vertx-rabbitmq-client,1910,1911,1
1926,1926,Mapper,3850,3851,1
1882,1882,ormlite-core,3762,3763,1
622,622,nifi,1242,1243,1
2319,2319,Chronicle-Wire,4636,4637,1
2217,2217,adyen-java-api-library,4432,4433,0
2130,2130,wildfly,4258,4259,1
1204,1204,hadoop,2406,2407,1
829,829,WebCollector,1656,1657,1
2442,2442,visualee,4882,4883,1
629,629,nifi,1256,1257,1
339,339,junit-quickcheck,676,677,0
1089,1089,vCenter_Plugin_DME,2176,2177,1
818,818,jboot,1634,1635,1
2476,2476,incubator-shenyu,4950,4951,0
1759,1759,java-sdk-core,3516,3517,0
393,393,Strata,784,785,0
1887,1887,opennlp,3772,3773,1
2482,2482,bookkeeper,4962,4963,1
2209,2209,adyen-java-api-library,4416,4417,0
2065,2065,tessera,4128,4129,1
1587,1587,utils,3172,3173,0
1267,1267,hadoop,2532,2533,0
2344,2344,asset-share-commons,4686,4687,1
1184,1184,hadoop,2366,2367,1
1511,1511,mockserver,3020,3021,1
860,860,botbuilder-java,1718,1719,0
2392,2392,commons-lang,4782,4783,0
952,952,Jprotobuf-rpc-socket,1902,1903,1
1657,1657,guava,3312,3313,1
874,874,apollo,1746,1747,0
2188,2188,adyen-java-api-library,4374,4375,0
954,954,Jprotobuf-rpc-socket,1906,1907,1
2281,2281,aem-core-wcm-components,4560,4561,1
51,51,dubbo,100,101,1
