id1,id2,test_id,method_id,label
1,1,0,1,0
2,2,2,3,0
3,3,4,5,1
5,5,8,9,0
6,6,10,11,0
7,7,12,13,0
8,8,14,15,1
9,9,16,17,1
10,10,18,19,1
11,11,20,21,1
12,12,22,23,1
13,13,24,25,1
14,14,26,27,0
17,17,32,33,0
19,19,36,37,1
20,20,38,39,1
21,21,40,41,1
22,22,42,43,1
24,24,46,47,1
25,25,48,49,1
26,26,50,51,1
27,27,52,53,1
29,29,56,57,1
30,30,58,59,1
31,31,60,61,1
32,32,62,63,1
33,33,64,65,1
34,34,66,67,1
35,35,68,69,1
36,36,70,71,1
37,37,72,73,1
38,38,74,75,1
39,39,76,77,1
40,40,78,79,1
41,41,80,81,1
42,42,82,83,1
43,43,84,85,1
44,44,86,87,1
45,45,88,89,1
46,46,90,91,1
47,47,92,93,1
48,48,94,95,1
49,49,96,97,1
50,50,98,99,1
51,51,100,101,1
52,52,102,103,1
53,53,104,105,1
54,54,106,107,1
55,55,108,109,1
56,56,110,111,1
57,57,112,113,1
58,58,114,115,1
59,59,116,117,1
60,60,118,119,1
61,61,120,121,1
62,62,122,123,1
63,63,124,125,1
64,64,126,127,1
65,65,128,129,1
66,66,130,131,1
67,67,132,133,1
68,68,134,135,1
69,69,136,137,1
70,70,138,139,1
71,71,140,141,1
72,72,142,143,1
73,73,144,145,1
74,74,146,147,1
75,75,148,149,1
76,76,150,151,1
77,77,152,153,1
78,78,154,155,1
79,79,156,157,1
80,80,158,159,1
81,81,160,161,1
82,82,162,163,1
83,83,164,165,1
84,84,166,167,1
85,85,168,169,1
86,86,170,171,1
87,87,172,173,1
88,88,174,175,1
89,89,176,177,1
90,90,178,179,1
91,91,180,181,1
92,92,182,183,1
93,93,184,185,1
94,94,186,187,1
95,95,188,189,1
96,96,190,191,1
97,97,192,193,1
98,98,194,195,1
99,99,196,197,1
101,101,200,201,1
102,102,202,203,1
103,103,204,205,1
104,104,206,207,1
105,105,208,209,1
106,106,210,211,1
107,107,212,213,1
108,108,214,215,1
109,109,216,217,1
110,110,218,219,1
111,111,220,221,1
112,112,222,223,1
113,113,224,225,1
114,114,226,227,1
115,115,228,229,1
117,117,232,233,1
118,118,234,235,1
119,119,236,237,1
120,120,238,239,1
121,121,240,241,1
122,122,242,243,1
123,123,244,245,1
124,124,246,247,1
125,125,248,249,1
126,126,250,251,1
127,127,252,253,1
128,128,254,255,0
129,129,256,257,0
130,130,258,259,1
131,131,260,261,1
132,132,262,263,1
133,133,264,265,0
134,134,266,267,1
135,135,268,269,1
136,136,270,271,1
137,137,272,273,1
138,138,274,275,1
139,139,276,277,1
140,140,278,279,1
141,141,280,281,1
142,142,282,283,1
143,143,284,285,1
144,144,286,287,1
145,145,288,289,1
146,146,290,291,1
147,147,292,293,1
148,148,294,295,1
149,149,296,297,1
150,150,298,299,1
151,151,300,301,1
152,152,302,303,1
153,153,304,305,1
154,154,306,307,1
155,155,308,309,1
156,156,310,311,1
157,157,312,313,1
158,158,314,315,1
159,159,316,317,1
160,160,318,319,1
161,161,320,321,1
162,162,322,323,1
163,163,324,325,0
164,164,326,327,0
165,165,328,329,1
166,166,330,331,1
168,168,334,335,0
169,169,336,337,0
171,171,340,341,0
173,173,344,345,0
174,174,346,347,0
175,175,348,349,0
176,176,350,351,0
177,177,352,353,0
178,178,354,355,0
179,179,356,357,0
180,180,358,359,0
181,181,360,361,0
182,182,362,363,0
185,185,368,369,0
186,186,370,371,0
187,187,372,373,0
192,192,382,383,0
194,194,386,387,0
195,195,388,389,0
196,196,390,391,0
197,197,392,393,0
198,198,394,395,0
199,199,396,397,0
200,200,398,399,0
201,201,400,401,0
206,206,410,411,0
207,207,412,413,0
208,208,414,415,0
209,209,416,417,0
210,210,418,419,1
211,211,420,421,0
212,212,422,423,0
213,213,424,425,0
214,214,426,427,0
215,215,428,429,0
219,219,436,437,0
220,220,438,439,0
221,221,440,441,0
223,223,444,445,0
224,224,446,447,0
225,225,448,449,0
226,226,450,451,0
227,227,452,453,0
228,228,454,455,0
231,231,460,461,0
232,232,462,463,0
234,234,466,467,0
238,238,474,475,0
239,239,476,477,0
240,240,478,479,0
241,241,480,481,0
242,242,482,483,0
243,243,484,485,0
245,245,488,489,0
246,246,490,491,0
247,247,492,493,0
248,248,494,495,0
249,249,496,497,0
252,252,502,503,0
253,253,504,505,0
255,255,508,509,0
257,257,512,513,0
260,260,518,519,0
261,261,520,521,0
263,263,524,525,0
264,264,526,527,0
265,265,528,529,0
266,266,530,531,0
268,268,534,535,0
269,269,536,537,0
270,270,538,539,0
271,271,540,541,0
272,272,542,543,0
273,273,544,545,0
278,278,554,555,0
279,279,556,557,0
280,280,558,559,0
281,281,560,561,0
284,284,566,567,0
285,285,568,569,0
287,287,572,573,0
288,288,574,575,0
289,289,576,577,0
294,294,586,587,0
295,295,588,589,0
297,297,592,593,0
299,299,596,597,0
300,300,598,599,0
302,302,602,603,0
303,303,604,605,0
305,305,608,609,0
308,308,614,615,0
309,309,616,617,0
310,310,618,619,0
311,311,620,621,0
312,312,622,623,0
314,314,626,627,0
315,315,628,629,0
316,316,630,631,0
317,317,632,633,0
318,318,634,635,0
319,319,636,637,0
320,320,638,639,0
321,321,640,641,0
322,322,642,643,0
323,323,644,645,0
324,324,646,647,0
327,327,652,653,0
330,330,658,659,0
333,333,664,665,0
334,334,666,667,0
336,336,670,671,0
337,337,672,673,0
338,338,674,675,0
339,339,676,677,0
340,340,678,679,0
341,341,680,681,0
342,342,682,683,0
343,343,684,685,0
344,344,686,687,0
345,345,688,689,1
346,346,690,691,1
347,347,692,693,1
348,348,694,695,1
349,349,696,697,1
350,350,698,699,1
351,351,700,701,1
352,352,702,703,1
353,353,704,705,1
354,354,706,707,1
355,355,708,709,1
356,356,710,711,1
357,357,712,713,1
358,358,714,715,1
359,359,716,717,1
360,360,718,719,1
361,361,720,721,0
362,362,722,723,0
363,363,724,725,0
364,364,726,727,0
365,365,728,729,1
366,366,730,731,1
367,367,732,733,1
368,368,734,735,1
369,369,736,737,1
370,370,738,739,1
371,371,740,741,1
372,372,742,743,1
373,373,744,745,1
374,374,746,747,1
375,375,748,749,1
376,376,750,751,0
377,377,752,753,0
378,378,754,755,1
379,379,756,757,1
380,380,758,759,1
381,381,760,761,1
382,382,762,763,1
383,383,764,765,1
384,384,766,767,1
385,385,768,769,1
387,387,772,773,0
390,390,778,779,0
391,391,780,781,0
392,392,782,783,0
393,393,784,785,0
395,395,788,789,0
396,396,790,791,0
397,397,792,793,0
399,399,796,797,0
400,400,798,799,0
402,402,802,803,0
403,403,804,805,0
404,404,806,807,0
405,405,808,809,0
406,406,810,811,1
409,409,816,817,0
410,410,818,819,0
411,411,820,821,0
412,412,822,823,0
413,413,824,825,0
414,414,826,827,0
415,415,828,829,0
417,417,832,833,0
419,419,836,837,0
423,423,844,845,0
424,424,846,847,0
425,425,848,849,0
426,426,850,851,0
427,427,852,853,0
429,429,856,857,1
430,430,858,859,1
431,431,860,861,1
432,432,862,863,1
433,433,864,865,1
434,434,866,867,1
435,435,868,869,1
436,436,870,871,1
437,437,872,873,1
438,438,874,875,1
439,439,876,877,1
440,440,878,879,1
441,441,880,881,1
442,442,882,883,1
443,443,884,885,1
444,444,886,887,1
445,445,888,889,1
446,446,890,891,1
447,447,892,893,1
448,448,894,895,1
449,449,896,897,1
450,450,898,899,1
451,451,900,901,1
452,452,902,903,1
453,453,904,905,1
454,454,906,907,1
455,455,908,909,1
456,456,910,911,1
457,457,912,913,1
458,458,914,915,1
459,459,916,917,1
460,460,918,919,1
461,461,920,921,1
462,462,922,923,1
463,463,924,925,1
464,464,926,927,1
465,465,928,929,1
466,466,930,931,1
467,467,932,933,1
468,468,934,935,1
469,469,936,937,1
470,470,938,939,1
471,471,940,941,0
472,472,942,943,0
473,473,944,945,0
475,475,948,949,0
476,476,950,951,0
477,477,952,953,1
478,478,954,955,0
480,480,958,959,0
481,481,960,961,0
482,482,962,963,0
483,483,964,965,1
484,484,966,967,1
485,485,968,969,1
486,486,970,971,0
489,489,976,977,0
490,490,978,979,1
491,491,980,981,1
492,492,982,983,1
493,493,984,985,1
494,494,986,987,1
495,495,988,989,1
496,496,990,991,1
497,497,992,993,1
498,498,994,995,1
499,499,996,997,1
501,501,1000,1001,1
502,502,1002,1003,1
503,503,1004,1005,1
504,504,1006,1007,1
505,505,1008,1009,1
506,506,1010,1011,1
507,507,1012,1013,1
508,508,1014,1015,1
509,509,1016,1017,1
510,510,1018,1019,1
511,511,1020,1021,1
512,512,1022,1023,1
513,513,1024,1025,1
514,514,1026,1027,1
515,515,1028,1029,1
516,516,1030,1031,1
517,517,1032,1033,1
518,518,1034,1035,1
519,519,1036,1037,1
520,520,1038,1039,1
521,521,1040,1041,1
522,522,1042,1043,1
523,523,1044,1045,1
524,524,1046,1047,1
525,525,1048,1049,1
526,526,1050,1051,1
527,527,1052,1053,1
528,528,1054,1055,1
529,529,1056,1057,1
530,530,1058,1059,1
531,531,1060,1061,1
532,532,1062,1063,1
533,533,1064,1065,1
534,534,1066,1067,1
535,535,1068,1069,1
536,536,1070,1071,1
537,537,1072,1073,1
538,538,1074,1075,1
539,539,1076,1077,1
540,540,1078,1079,1
541,541,1080,1081,1
542,542,1082,1083,1
543,543,1084,1085,1
544,544,1086,1087,1
545,545,1088,1089,1
546,546,1090,1091,1
547,547,1092,1093,1
548,548,1094,1095,1
549,549,1096,1097,1
550,550,1098,1099,1
551,551,1100,1101,1
552,552,1102,1103,1
553,553,1104,1105,1
554,554,1106,1107,1
555,555,1108,1109,1
556,556,1110,1111,1
557,557,1112,1113,1
558,558,1114,1115,1
559,559,1116,1117,1
560,560,1118,1119,1
561,561,1120,1121,1
562,562,1122,1123,1
563,563,1124,1125,1
564,564,1126,1127,1
565,565,1128,1129,1
566,566,1130,1131,1
567,567,1132,1133,1
568,568,1134,1135,0
569,569,1136,1137,1
570,570,1138,1139,1
571,571,1140,1141,1
572,572,1142,1143,1
573,573,1144,1145,1
574,574,1146,1147,1
576,576,1150,1151,1
577,577,1152,1153,1
578,578,1154,1155,1
579,579,1156,1157,1
580,580,1158,1159,1
581,581,1160,1161,1
582,582,1162,1163,1
583,583,1164,1165,0
584,584,1166,1167,0
585,585,1168,1169,0
586,586,1170,1171,0
587,587,1172,1173,0
588,588,1174,1175,1
589,589,1176,1177,1
590,590,1178,1179,1
591,591,1180,1181,1
592,592,1182,1183,1
593,593,1184,1185,1
594,594,1186,1187,1
595,595,1188,1189,1
596,596,1190,1191,1
597,597,1192,1193,1
598,598,1194,1195,1
599,599,1196,1197,1
600,600,1198,1199,1
602,602,1202,1203,1
603,603,1204,1205,1
604,604,1206,1207,1
605,605,1208,1209,1
606,606,1210,1211,1
607,607,1212,1213,1
608,608,1214,1215,1
609,609,1216,1217,1
610,610,1218,1219,1
611,611,1220,1221,1
612,612,1222,1223,1
613,613,1224,1225,1
614,614,1226,1227,1
615,615,1228,1229,1
616,616,1230,1231,1
617,617,1232,1233,1
618,618,1234,1235,1
619,619,1236,1237,1
620,620,1238,1239,1
621,621,1240,1241,1
622,622,1242,1243,1
623,623,1244,1245,1
624,624,1246,1247,1
625,625,1248,1249,1
626,626,1250,1251,1
627,627,1252,1253,1
628,628,1254,1255,1
629,629,1256,1257,1
630,630,1258,1259,1
631,631,1260,1261,1
632,632,1262,1263,1
633,633,1264,1265,1
634,634,1266,1267,1
635,635,1268,1269,1
636,636,1270,1271,1
637,637,1272,1273,1
638,638,1274,1275,1
639,639,1276,1277,1
640,640,1278,1279,1
641,641,1280,1281,1
642,642,1282,1283,1
643,643,1284,1285,1
644,644,1286,1287,1
645,645,1288,1289,1
646,646,1290,1291,1
647,647,1292,1293,1
648,648,1294,1295,1
649,649,1296,1297,1
650,650,1298,1299,1
651,651,1300,1301,1
652,652,1302,1303,1
653,653,1304,1305,1
654,654,1306,1307,1
655,655,1308,1309,1
656,656,1310,1311,1
657,657,1312,1313,1
658,658,1314,1315,1
659,659,1316,1317,1
660,660,1318,1319,1
661,661,1320,1321,0
662,662,1322,1323,1
663,663,1324,1325,1
664,664,1326,1327,1
665,665,1328,1329,1
666,666,1330,1331,1
667,667,1332,1333,1
668,668,1334,1335,1
669,669,1336,1337,1
670,670,1338,1339,1
671,671,1340,1341,1
672,672,1342,1343,1
673,673,1344,1345,1
674,674,1346,1347,1
675,675,1348,1349,1
676,676,1350,1351,1
677,677,1352,1353,1
678,678,1354,1355,1
679,679,1356,1357,1
680,680,1358,1359,1
682,682,1362,1363,1
683,683,1364,1365,1
684,684,1366,1367,1
685,685,1368,1369,1
686,686,1370,1371,1
687,687,1372,1373,1
688,688,1374,1375,1
689,689,1376,1377,1
690,690,1378,1379,1
691,691,1380,1381,1
692,692,1382,1383,1
693,693,1384,1385,1
694,694,1386,1387,1
695,695,1388,1389,1
696,696,1390,1391,1
697,697,1392,1393,1
698,698,1394,1395,1
699,699,1396,1397,1
700,700,1398,1399,1
701,701,1400,1401,1
702,702,1402,1403,1
703,703,1404,1405,1
704,704,1406,1407,1
705,705,1408,1409,1
706,706,1410,1411,1
707,707,1412,1413,1
708,708,1414,1415,1
709,709,1416,1417,1
710,710,1418,1419,1
711,711,1420,1421,1
712,712,1422,1423,1
713,713,1424,1425,1
714,714,1426,1427,1
715,715,1428,1429,1
716,716,1430,1431,1
717,717,1432,1433,1
718,718,1434,1435,1
719,719,1436,1437,1
720,720,1438,1439,1
721,721,1440,1441,1
722,722,1442,1443,1
723,723,1444,1445,1
724,724,1446,1447,1
725,725,1448,1449,1
726,726,1450,1451,1
727,727,1452,1453,1
728,728,1454,1455,1
729,729,1456,1457,0
730,730,1458,1459,0
732,732,1462,1463,0
736,736,1470,1471,1
737,737,1472,1473,1
738,738,1474,1475,1
739,739,1476,1477,1
740,740,1478,1479,1
741,741,1480,1481,1
742,742,1482,1483,1
743,743,1484,1485,1
744,744,1486,1487,1
745,745,1488,1489,1
746,746,1490,1491,1
747,747,1492,1493,1
748,748,1494,1495,1
749,749,1496,1497,1
750,750,1498,1499,1
751,751,1500,1501,1
752,752,1502,1503,1
753,753,1504,1505,1
754,754,1506,1507,1
755,755,1508,1509,1
756,756,1510,1511,0
757,757,1512,1513,0
758,758,1514,1515,1
759,759,1516,1517,0
760,760,1518,1519,0
761,761,1520,1521,1
762,762,1522,1523,1
763,763,1524,1525,1
764,764,1526,1527,1
765,765,1528,1529,0
766,766,1530,1531,1
767,767,1532,1533,1
768,768,1534,1535,0
770,770,1538,1539,0
771,771,1540,1541,1
773,773,1544,1545,0
774,774,1546,1547,0
775,775,1548,1549,0
777,777,1552,1553,0
778,778,1554,1555,1
779,779,1556,1557,1
780,780,1558,1559,1
781,781,1560,1561,1
782,782,1562,1563,1
783,783,1564,1565,1
784,784,1566,1567,1
785,785,1568,1569,1
786,786,1570,1571,1
787,787,1572,1573,1
788,788,1574,1575,1
789,789,1576,1577,1
790,790,1578,1579,1
791,791,1580,1581,1
792,792,1582,1583,1
793,793,1584,1585,1
794,794,1586,1587,1
795,795,1588,1589,1
796,796,1590,1591,1
797,797,1592,1593,1
798,798,1594,1595,1
799,799,1596,1597,1
800,800,1598,1599,1
801,801,1600,1601,1
802,802,1602,1603,1
803,803,1604,1605,1
804,804,1606,1607,1
805,805,1608,1609,1
806,806,1610,1611,0
807,807,1612,1613,0
808,808,1614,1615,0
811,811,1620,1621,0
812,812,1622,1623,0
813,813,1624,1625,0
814,814,1626,1627,0
815,815,1628,1629,0
816,816,1630,1631,1
817,817,1632,1633,1
818,818,1634,1635,1
819,819,1636,1637,1
820,820,1638,1639,1
821,821,1640,1641,1
822,822,1642,1643,1
823,823,1644,1645,1
824,824,1646,1647,1
825,825,1648,1649,1
826,826,1650,1651,1
827,827,1652,1653,1
828,828,1654,1655,1
829,829,1656,1657,1
830,830,1658,1659,0
831,831,1660,1661,0
832,832,1662,1663,0
834,834,1666,1667,0
835,835,1668,1669,0
837,837,1672,1673,0
838,838,1674,1675,1
840,840,1678,1679,0
842,842,1682,1683,0
843,843,1684,1685,0
844,844,1686,1687,0
845,845,1688,1689,0
846,846,1690,1691,0
850,850,1698,1699,0
851,851,1700,1701,0
853,853,1704,1705,0
854,854,1706,1707,1
855,855,1708,1709,0
856,856,1710,1711,0
857,857,1712,1713,0
858,858,1714,1715,0
859,859,1716,1717,0
860,860,1718,1719,0
861,861,1720,1721,0
862,862,1722,1723,0
863,863,1724,1725,1
864,864,1726,1727,1
865,865,1728,1729,1
866,866,1730,1731,1
867,867,1732,1733,0
869,869,1736,1737,1
870,870,1738,1739,0
871,871,1740,1741,1
872,872,1742,1743,1
873,873,1744,1745,0
874,874,1746,1747,0
875,875,1748,1749,0
876,876,1750,1751,0
878,878,1754,1755,1
879,879,1756,1757,1
880,880,1758,1759,1
881,881,1760,1761,1
882,882,1762,1763,1
883,883,1764,1765,1
884,884,1766,1767,1
885,885,1768,1769,1
886,886,1770,1771,1
887,887,1772,1773,1
888,888,1774,1775,1
892,892,1782,1783,0
893,893,1784,1785,1
894,894,1786,1787,1
895,895,1788,1789,1
896,896,1790,1791,1
897,897,1792,1793,1
898,898,1794,1795,1
899,899,1796,1797,1
900,900,1798,1799,1
901,901,1800,1801,1
902,902,1802,1803,1
903,903,1804,1805,1
904,904,1806,1807,1
905,905,1808,1809,1
906,906,1810,1811,1
907,907,1812,1813,1
908,908,1814,1815,1
909,909,1816,1817,1
910,910,1818,1819,1
911,911,1820,1821,1
912,912,1822,1823,1
913,913,1824,1825,1
914,914,1826,1827,1
915,915,1828,1829,1
916,916,1830,1831,1
917,917,1832,1833,1
918,918,1834,1835,1
919,919,1836,1837,1
920,920,1838,1839,1
921,921,1840,1841,1
922,922,1842,1843,1
923,923,1844,1845,1
924,924,1846,1847,1
925,925,1848,1849,1
926,926,1850,1851,1
927,927,1852,1853,1
928,928,1854,1855,1
929,929,1856,1857,1
930,930,1858,1859,1
931,931,1860,1861,1
932,932,1862,1863,1
933,933,1864,1865,1
934,934,1866,1867,1
935,935,1868,1869,1
936,936,1870,1871,1
937,937,1872,1873,1
938,938,1874,1875,1
939,939,1876,1877,1
940,940,1878,1879,1
941,941,1880,1881,1
942,942,1882,1883,1
943,943,1884,1885,1
944,944,1886,1887,1
945,945,1888,1889,1
946,946,1890,1891,1
947,947,1892,1893,1
948,948,1894,1895,1
949,949,1896,1897,1
950,950,1898,1899,1
951,951,1900,1901,1
952,952,1902,1903,1
953,953,1904,1905,1
954,954,1906,1907,1
955,955,1908,1909,1
956,956,1910,1911,1
957,957,1912,1913,0
958,958,1914,1915,1
959,959,1916,1917,1
960,960,1918,1919,1
961,961,1920,1921,1
962,962,1922,1923,1
963,963,1924,1925,1
964,964,1926,1927,1
965,965,1928,1929,1
966,966,1930,1931,1
967,967,1932,1933,1
968,968,1934,1935,1
969,969,1936,1937,1
970,970,1938,1939,1
971,971,1940,1941,1
972,972,1942,1943,1
973,973,1944,1945,1
974,974,1946,1947,1
977,977,1952,1953,0
978,978,1954,1955,1
979,979,1956,1957,1
980,980,1958,1959,1
981,981,1960,1961,1
982,982,1962,1963,1
983,983,1964,1965,1
984,984,1966,1967,1
985,985,1968,1969,1
986,986,1970,1971,1
987,987,1972,1973,1
988,988,1974,1975,1
989,989,1976,1977,1
990,990,1978,1979,1
991,991,1980,1981,1
992,992,1982,1983,1
993,993,1984,1985,1
994,994,1986,1987,1
995,995,1988,1989,1
996,996,1990,1991,1
997,997,1992,1993,1
998,998,1994,1995,1
999,999,1996,1997,1
1000,1000,1998,1999,1
1001,1001,2000,2001,1
1002,1002,2002,2003,1
1003,1003,2004,2005,1
1004,1004,2006,2007,1
1005,1005,2008,2009,1
1006,1006,2010,2011,1
1007,1007,2012,2013,1
1008,1008,2014,2015,1
1009,1009,2016,2017,1
1010,1010,2018,2019,1
1011,1011,2020,2021,1
1012,1012,2022,2023,1
1013,1013,2024,2025,1
1014,1014,2026,2027,1
1015,1015,2028,2029,1
1016,1016,2030,2031,1
1017,1017,2032,2033,1
1018,1018,2034,2035,1
1019,1019,2036,2037,1
1020,1020,2038,2039,1
1021,1021,2040,2041,1
1022,1022,2042,2043,1
1023,1023,2044,2045,1
1024,1024,2046,2047,1
1025,1025,2048,2049,1
1026,1026,2050,2051,1
1027,1027,2052,2053,1
1028,1028,2054,2055,1
1029,1029,2056,2057,1
1030,1030,2058,2059,1
1031,1031,2060,2061,1
1032,1032,2062,2063,1
1034,1034,2066,2067,0
1035,1035,2068,2069,0
1036,1036,2070,2071,0
1038,1038,2074,2075,1
1039,1039,2076,2077,1
1040,1040,2078,2079,1
1041,1041,2080,2081,1
1042,1042,2082,2083,0
1043,1043,2084,2085,0
1044,1044,2086,2087,0
1045,1045,2088,2089,1
1046,1046,2090,2091,1
1047,1047,2092,2093,0
1048,1048,2094,2095,0
1049,1049,2096,2097,0
1050,1050,2098,2099,1
1051,1051,2100,2101,0
1052,1052,2102,2103,0
1053,1053,2104,2105,0
1054,1054,2106,2107,1
1056,1056,2110,2111,1
1057,1057,2112,2113,0
1058,1058,2114,2115,1
1059,1059,2116,2117,0
1060,1060,2118,2119,0
1062,1062,2122,2123,0
1063,1063,2124,2125,0
1064,1064,2126,2127,0
1065,1065,2128,2129,1
1066,1066,2130,2131,1
1067,1067,2132,2133,1
1068,1068,2134,2135,1
1069,1069,2136,2137,1
1070,1070,2138,2139,1
1071,1071,2140,2141,1
1072,1072,2142,2143,1
1073,1073,2144,2145,1
1074,1074,2146,2147,0
1075,1075,2148,2149,1
1076,1076,2150,2151,0
1077,1077,2152,2153,1
1078,1078,2154,2155,1
1079,1079,2156,2157,0
1080,1080,2158,2159,1
1081,1081,2160,2161,0
1082,1082,2162,2163,1
1083,1083,2164,2165,0
1084,1084,2166,2167,0
1085,1085,2168,2169,0
1087,1087,2172,2173,1
1088,1088,2174,2175,1
1089,1089,2176,2177,1
1090,1090,2178,2179,1
1091,1091,2180,2181,1
1092,1092,2182,2183,1
1093,1093,2184,2185,1
1094,1094,2186,2187,1
1095,1095,2188,2189,1
1096,1096,2190,2191,1
1097,1097,2192,2193,1
1098,1098,2194,2195,1
1099,1099,2196,2197,1
1100,1100,2198,2199,1
1101,1101,2200,2201,1
1102,1102,2202,2203,1
1103,1103,2204,2205,1
1104,1104,2206,2207,1
1105,1105,2208,2209,1
1106,1106,2210,2211,1
1108,1108,2214,2215,1
1109,1109,2216,2217,1
1110,1110,2218,2219,1
1112,1112,2222,2223,1
1113,1113,2224,2225,1
1114,1114,2226,2227,1
1115,1115,2228,2229,1
1116,1116,2230,2231,1
1117,1117,2232,2233,1
1118,1118,2234,2235,1
1119,1119,2236,2237,1
1120,1120,2238,2239,1
1121,1121,2240,2241,1
1122,1122,2242,2243,1
1123,1123,2244,2245,1
1124,1124,2246,2247,0
1125,1125,2248,2249,0
1126,1126,2250,2251,1
1128,1128,2254,2255,0
1129,1129,2256,2257,0
1131,1131,2260,2261,1
1132,1132,2262,2263,1
1133,1133,2264,2265,1
1134,1134,2266,2267,1
1135,1135,2268,2269,1
1136,1136,2270,2271,1
1137,1137,2272,2273,1
1138,1138,2274,2275,1
1139,1139,2276,2277,1
1140,1140,2278,2279,1
1141,1141,2280,2281,1
1142,1142,2282,2283,1
1143,1143,2284,2285,1
1144,1144,2286,2287,1
1145,1145,2288,2289,1
1146,1146,2290,2291,1
1147,1147,2292,2293,1
1148,1148,2294,2295,1
1149,1149,2296,2297,1
1150,1150,2298,2299,1
1151,1151,2300,2301,1
1152,1152,2302,2303,1
1153,1153,2304,2305,1
1154,1154,2306,2307,1
1155,1155,2308,2309,0
1156,1156,2310,2311,0
1157,1157,2312,2313,1
1158,1158,2314,2315,1
1159,1159,2316,2317,1
1160,1160,2318,2319,0
1161,1161,2320,2321,0
1162,1162,2322,2323,1
1163,1163,2324,2325,1
1164,1164,2326,2327,1
1165,1165,2328,2329,1
1166,1166,2330,2331,1
1167,1167,2332,2333,1
1168,1168,2334,2335,1
1169,1169,2336,2337,1
1171,1171,2340,2341,1
1172,1172,2342,2343,1
1173,1173,2344,2345,1
1174,1174,2346,2347,1
1175,1175,2348,2349,1
1176,1176,2350,2351,1
1177,1177,2352,2353,1
1178,1178,2354,2355,1
1179,1179,2356,2357,1
1180,1180,2358,2359,1
1181,1181,2360,2361,1
1182,1182,2362,2363,1
1183,1183,2364,2365,1
1184,1184,2366,2367,1
1185,1185,2368,2369,1
1186,1186,2370,2371,1
1187,1187,2372,2373,1
1188,1188,2374,2375,1
1189,1189,2376,2377,1
1190,1190,2378,2379,1
1191,1191,2380,2381,1
1192,1192,2382,2383,1
1193,1193,2384,2385,1
1194,1194,2386,2387,1
1195,1195,2388,2389,1
1196,1196,2390,2391,1
1197,1197,2392,2393,1
1198,1198,2394,2395,1
1199,1199,2396,2397,1
1200,1200,2398,2399,1
1201,1201,2400,2401,1
1202,1202,2402,2403,1
1203,1203,2404,2405,1
1204,1204,2406,2407,1
1205,1205,2408,2409,1
1206,1206,2410,2411,1
1207,1207,2412,2413,1
1208,1208,2414,2415,1
1210,1210,2418,2419,1
1211,1211,2420,2421,1
1212,1212,2422,2423,1
1213,1213,2424,2425,1
1214,1214,2426,2427,1
1215,1215,2428,2429,1
1216,1216,2430,2431,1
1217,1217,2432,2433,1
1218,1218,2434,2435,1
1219,1219,2436,2437,1
1220,1220,2438,2439,1
1221,1221,2440,2441,1
1222,1222,2442,2443,1
1223,1223,2444,2445,1
1224,1224,2446,2447,1
1225,1225,2448,2449,1
1226,1226,2450,2451,1
1227,1227,2452,2453,1
1228,1228,2454,2455,1
1229,1229,2456,2457,1
1230,1230,2458,2459,1
1232,1232,2462,2463,1
1233,1233,2464,2465,1
1234,1234,2466,2467,1
1235,1235,2468,2469,1
1236,1236,2470,2471,1
1237,1237,2472,2473,1
1238,1238,2474,2475,1
1239,1239,2476,2477,1
1240,1240,2478,2479,1
1241,1241,2480,2481,1
1242,1242,2482,2483,1
1243,1243,2484,2485,1
1244,1244,2486,2487,1
1245,1245,2488,2489,1
1247,1247,2492,2493,1
1248,1248,2494,2495,1
1249,1249,2496,2497,1
1250,1250,2498,2499,1
1251,1251,2500,2501,1
1252,1252,2502,2503,1
1253,1253,2504,2505,1
1254,1254,2506,2507,1
1255,1255,2508,2509,1
1256,1256,2510,2511,1
1257,1257,2512,2513,1
1258,1258,2514,2515,1
1259,1259,2516,2517,1
1260,1260,2518,2519,1
1261,1261,2520,2521,1
1262,1262,2522,2523,1
1263,1263,2524,2525,1
1264,1264,2526,2527,1
1265,1265,2528,2529,1
1266,1266,2530,2531,1
1267,1267,2532,2533,0
1268,1268,2534,2535,1
1269,1269,2536,2537,1
1270,1270,2538,2539,1
1271,1271,2540,2541,1
1272,1272,2542,2543,1
1273,1273,2544,2545,1
1274,1274,2546,2547,1
1275,1275,2548,2549,1
1276,1276,2550,2551,1
1277,1277,2552,2553,1
1278,1278,2554,2555,1
1279,1279,2556,2557,1
1280,1280,2558,2559,1
1281,1281,2560,2561,1
1282,1282,2562,2563,1
1283,1283,2564,2565,1
1284,1284,2566,2567,1
1285,1285,2568,2569,1
1286,1286,2570,2571,1
1287,1287,2572,2573,1
1288,1288,2574,2575,1
1289,1289,2576,2577,1
1290,1290,2578,2579,1
1291,1291,2580,2581,1
1292,1292,2582,2583,1
1293,1293,2584,2585,1
1294,1294,2586,2587,1
1295,1295,2588,2589,1
1296,1296,2590,2591,1
1297,1297,2592,2593,1
1298,1298,2594,2595,1
1299,1299,2596,2597,1
1300,1300,2598,2599,1
1301,1301,2600,2601,1
1302,1302,2602,2603,1
1303,1303,2604,2605,1
1304,1304,2606,2607,1
1305,1305,2608,2609,1
1306,1306,2610,2611,1
1307,1307,2612,2613,1
1308,1308,2614,2615,1
1309,1309,2616,2617,1
1310,1310,2618,2619,1
1311,1311,2620,2621,0
1312,1312,2622,2623,0
1313,1313,2624,2625,0
1314,1314,2626,2627,1
1315,1315,2628,2629,1
1316,1316,2630,2631,1
1317,1317,2632,2633,1
1318,1318,2634,2635,1
1319,1319,2636,2637,1
1320,1320,2638,2639,1
1322,1322,2642,2643,0
1323,1323,2644,2645,1
1324,1324,2646,2647,1
1325,1325,2648,2649,1
1326,1326,2650,2651,1
1327,1327,2652,2653,1
1328,1328,2654,2655,1
1329,1329,2656,2657,1
1330,1330,2658,2659,0
1331,1331,2660,2661,0
1332,1332,2662,2663,1
1333,1333,2664,2665,1
1334,1334,2666,2667,1
1335,1335,2668,2669,1
1336,1336,2670,2671,1
1337,1337,2672,2673,1
1338,1338,2674,2675,1
1339,1339,2676,2677,0
1340,1340,2678,2679,0
1341,1341,2680,2681,1
1342,1342,2682,2683,1
1343,1343,2684,2685,1
1344,1344,2686,2687,1
1345,1345,2688,2689,1
1346,1346,2690,2691,1
1347,1347,2692,2693,1
1348,1348,2694,2695,1
1349,1349,2696,2697,1
1350,1350,2698,2699,1
1351,1351,2700,2701,1
1352,1352,2702,2703,1
1353,1353,2704,2705,1
1354,1354,2706,2707,1
1355,1355,2708,2709,1
1356,1356,2710,2711,1
1357,1357,2712,2713,1
1358,1358,2714,2715,1
1359,1359,2716,2717,1
1360,1360,2718,2719,1
1361,1361,2720,2721,1
1362,1362,2722,2723,1
1363,1363,2724,2725,1
1364,1364,2726,2727,1
1365,1365,2728,2729,1
1366,1366,2730,2731,1
1367,1367,2732,2733,1
1368,1368,2734,2735,1
1369,1369,2736,2737,1
1370,1370,2738,2739,1
1371,1371,2740,2741,1
1372,1372,2742,2743,1
1373,1373,2744,2745,1
1374,1374,2746,2747,1
1375,1375,2748,2749,1
1376,1376,2750,2751,1
1377,1377,2752,2753,1
1378,1378,2754,2755,1
1379,1379,2756,2757,1
1380,1380,2758,2759,1
1381,1381,2760,2761,1
1382,1382,2762,2763,1
1383,1383,2764,2765,1
1384,1384,2766,2767,1
1385,1385,2768,2769,1
1386,1386,2770,2771,1
1388,1388,2774,2775,1
1389,1389,2776,2777,1
1390,1390,2778,2779,0
1391,1391,2780,2781,1
1392,1392,2782,2783,1
1393,1393,2784,2785,1
1394,1394,2786,2787,1
1395,1395,2788,2789,1
1396,1396,2790,2791,1
1397,1397,2792,2793,1
1398,1398,2794,2795,1
1399,1399,2796,2797,1
1400,1400,2798,2799,1
1401,1401,2800,2801,1
1402,1402,2802,2803,1
1403,1403,2804,2805,1
1404,1404,2806,2807,1
1405,1405,2808,2809,1
1406,1406,2810,2811,1
1407,1407,2812,2813,1
1408,1408,2814,2815,1
1409,1409,2816,2817,0
1410,1410,2818,2819,0
1411,1411,2820,2821,1
1412,1412,2822,2823,1
1413,1413,2824,2825,1
1414,1414,2826,2827,1
1415,1415,2828,2829,1
1416,1416,2830,2831,0
1417,1417,2832,2833,1
1418,1418,2834,2835,1
1420,1420,2838,2839,0
1422,1422,2842,2843,0
1423,1423,2844,2845,0
1425,1425,2848,2849,0
1427,1427,2852,2853,0
1429,1429,2856,2857,0
1430,1430,2858,2859,0
1431,1431,2860,2861,1
1432,1432,2862,2863,1
1436,1436,2870,2871,0
1437,1437,2872,2873,0
1438,1438,2874,2875,0
1440,1440,2878,2879,0
1441,1441,2880,2881,0
1443,1443,2884,2885,0
1444,1444,2886,2887,0
1446,1446,2890,2891,1
1447,1447,2892,2893,0
1448,1448,2894,2895,0
1449,1449,2896,2897,1
1450,1450,2898,2899,1
1451,1451,2900,2901,1
1452,1452,2902,2903,1
1453,1453,2904,2905,0
1454,1454,2906,2907,1
1455,1455,2908,2909,1
1456,1456,2910,2911,1
1457,1457,2912,2913,1
1458,1458,2914,2915,1
1459,1459,2916,2917,1
1460,1460,2918,2919,1
1461,1461,2920,2921,1
1462,1462,2922,2923,1
1463,1463,2924,2925,1
1464,1464,2926,2927,1
1465,1465,2928,2929,1
1466,1466,2930,2931,1
1467,1467,2932,2933,1
1468,1468,2934,2935,1
1469,1469,2936,2937,1
1470,1470,2938,2939,1
1471,1471,2940,2941,0
1474,1474,2946,2947,1
1475,1475,2948,2949,1
1476,1476,2950,2951,1
1477,1477,2952,2953,1
1478,1478,2954,2955,1
1479,1479,2956,2957,1
1480,1480,2958,2959,0
1481,1481,2960,2961,0
1482,1482,2962,2963,0
1483,1483,2964,2965,1
1484,1484,2966,2967,1
1485,1485,2968,2969,1
1487,1487,2972,2973,1
1488,1488,2974,2975,0
1489,1489,2976,2977,1
1490,1490,2978,2979,1
1491,1491,2980,2981,1
1492,1492,2982,2983,1
1493,1493,2984,2985,1
1494,1494,2986,2987,1
1495,1495,2988,2989,1
1496,1496,2990,2991,1
1497,1497,2992,2993,1
1498,1498,2994,2995,1
1499,1499,2996,2997,1
1500,1500,2998,2999,1
1502,1502,3002,3003,0
1503,1503,3004,3005,0
1505,1505,3008,3009,0
1507,1507,3012,3013,0
1508,1508,3014,3015,1
1509,1509,3016,3017,1
1510,1510,3018,3019,1
1511,1511,3020,3021,1
1512,1512,3022,3023,0
1513,1513,3024,3025,1
1514,1514,3026,3027,1
1515,1515,3028,3029,1
1516,1516,3030,3031,1
1517,1517,3032,3033,0
1518,1518,3034,3035,0
1519,1519,3036,3037,0
1520,1520,3038,3039,0
1521,1521,3040,3041,0
1523,1523,3044,3045,0
1524,1524,3046,3047,0
1526,1526,3050,3051,1
1527,1527,3052,3053,1
1528,1528,3054,3055,1
1529,1529,3056,3057,1
1530,1530,3058,3059,1
1531,1531,3060,3061,1
1532,1532,3062,3063,1
1533,1533,3064,3065,1
1534,1534,3066,3067,0
1537,1537,3072,3073,0
1538,1538,3074,3075,1
1539,1539,3076,3077,1
1540,1540,3078,3079,1
1541,1541,3080,3081,1
1542,1542,3082,3083,1
1543,1543,3084,3085,1
1544,1544,3086,3087,1
1545,1545,3088,3089,1
1546,1546,3090,3091,1
1547,1547,3092,3093,0
1548,1548,3094,3095,1
1549,1549,3096,3097,1
1550,1550,3098,3099,1
1551,1551,3100,3101,1
1552,1552,3102,3103,1
1553,1553,3104,3105,1
1554,1554,3106,3107,1
1555,1555,3108,3109,1
1556,1556,3110,3111,1
1557,1557,3112,3113,1
1558,1558,3114,3115,1
1560,1560,3118,3119,1
1561,1561,3120,3121,1
1562,1562,3122,3123,1
1563,1563,3124,3125,1
1564,1564,3126,3127,1
1565,1565,3128,3129,1
1566,1566,3130,3131,1
1567,1567,3132,3133,1
1568,1568,3134,3135,1
1569,1569,3136,3137,1
1570,1570,3138,3139,1
1571,1571,3140,3141,1
1572,1572,3142,3143,1
1573,1573,3144,3145,1
1574,1574,3146,3147,1
1575,1575,3148,3149,1
1576,1576,3150,3151,1
1577,1577,3152,3153,1
1578,1578,3154,3155,1
1579,1579,3156,3157,1
1581,1581,3160,3161,1
1582,1582,3162,3163,1
1583,1583,3164,3165,1
1585,1585,3168,3169,0
1586,1586,3170,3171,0
1588,1588,3174,3175,0
1590,1590,3178,3179,1
1591,1591,3180,3181,1
1592,1592,3182,3183,0
1594,1594,3186,3187,0
1595,1595,3188,3189,0
1596,1596,3190,3191,0
1597,1597,3192,3193,0
1598,1598,3194,3195,0
1600,1600,3198,3199,0
1602,1602,3202,3203,0
1604,1604,3206,3207,0
1605,1605,3208,3209,0
1607,1607,3212,3213,0
1609,1609,3216,3217,0
1610,1610,3218,3219,0
1611,1611,3220,3221,0
1613,1613,3224,3225,0
1614,1614,3226,3227,0
1615,1615,3228,3229,0
1616,1616,3230,3231,0
1617,1617,3232,3233,0
1618,1618,3234,3235,0
1619,1619,3236,3237,0
1621,1621,3240,3241,0
1622,1622,3242,3243,0
1625,1625,3248,3249,0
1626,1626,3250,3251,0
1629,1629,3256,3257,0
1631,1631,3260,3261,0
1632,1632,3262,3263,1
1633,1633,3264,3265,1
1634,1634,3266,3267,1
1635,1635,3268,3269,1
1636,1636,3270,3271,0
1637,1637,3272,3273,0
1638,1638,3274,3275,1
1639,1639,3276,3277,1
1640,1640,3278,3279,0
1641,1641,3280,3281,0
1642,1642,3282,3283,1
1643,1643,3284,3285,1
1644,1644,3286,3287,1
1645,1645,3288,3289,1
1647,1647,3292,3293,0
1648,1648,3294,3295,0
1649,1649,3296,3297,1
1650,1650,3298,3299,1
1651,1651,3300,3301,1
1652,1652,3302,3303,1
1653,1653,3304,3305,1
1654,1654,3306,3307,1
1655,1655,3308,3309,1
1656,1656,3310,3311,1
1657,1657,3312,3313,1
1658,1658,3314,3315,1
1659,1659,3316,3317,0
1660,1660,3318,3319,0
1661,1661,3320,3321,0
1662,1662,3322,3323,0
1663,1663,3324,3325,0
1664,1664,3326,3327,0
1665,1665,3328,3329,0
1666,1666,3330,3331,0
1667,1667,3332,3333,0
1669,1669,3336,3337,1
1671,1671,3340,3341,0
1672,1672,3342,3343,0
1673,1673,3344,3345,0
1675,1675,3348,3349,0
1676,1676,3350,3351,0
1677,1677,3352,3353,0
1678,1678,3354,3355,1
1679,1679,3356,3357,1
1680,1680,3358,3359,1
1681,1681,3360,3361,1
1682,1682,3362,3363,1
1683,1683,3364,3365,1
1684,1684,3366,3367,1
1685,1685,3368,3369,1
1686,1686,3370,3371,1
1687,1687,3372,3373,1
1688,1688,3374,3375,1
1689,1689,3376,3377,1
1690,1690,3378,3379,1
1691,1691,3380,3381,1
1692,1692,3382,3383,1
1693,1693,3384,3385,1
1694,1694,3386,3387,1
1695,1695,3388,3389,1
1696,1696,3390,3391,1
1697,1697,3392,3393,1
1699,1699,3396,3397,0
1700,1700,3398,3399,0
1701,1701,3400,3401,0
1702,1702,3402,3403,0
1703,1703,3404,3405,0
1704,1704,3406,3407,1
1705,1705,3408,3409,1
1706,1706,3410,3411,1
1707,1707,3412,3413,1
1708,1708,3414,3415,1
1710,1710,3418,3419,1
1711,1711,3420,3421,1
1712,1712,3422,3423,1
1713,1713,3424,3425,1
1714,1714,3426,3427,1
1715,1715,3428,3429,1
1716,1716,3430,3431,1
1717,1717,3432,3433,1
1718,1718,3434,3435,1
1720,1720,3438,3439,0
1723,1723,3444,3445,0
1724,1724,3446,3447,1
1725,1725,3448,3449,1
1726,1726,3450,3451,1
1727,1727,3452,3453,1
1728,1728,3454,3455,1
1729,1729,3456,3457,1
1730,1730,3458,3459,1
1731,1731,3460,3461,1
1732,1732,3462,3463,1
1733,1733,3464,3465,1
1734,1734,3466,3467,1
1735,1735,3468,3469,1
1736,1736,3470,3471,1
1737,1737,3472,3473,1
1738,1738,3474,3475,1
1739,1739,3476,3477,1
1740,1740,3478,3479,1
1741,1741,3480,3481,1
1742,1742,3482,3483,0
1743,1743,3484,3485,1
1744,1744,3486,3487,1
1746,1746,3490,3491,0
1748,1748,3494,3495,0
1749,1749,3496,3497,1
1750,1750,3498,3499,1
1751,1751,3500,3501,1
1752,1752,3502,3503,0
1754,1754,3506,3507,0
1756,1756,3510,3511,0
1759,1759,3516,3517,0
1760,1760,3518,3519,0
1761,1761,3520,3521,0
1762,1762,3522,3523,1
1763,1763,3524,3525,1
1764,1764,3526,3527,1
1765,1765,3528,3529,1
1766,1766,3530,3531,1
1767,1767,3532,3533,1
1768,1768,3534,3535,1
1769,1769,3536,3537,1
1770,1770,3538,3539,1
1771,1771,3540,3541,1
1772,1772,3542,3543,1
1773,1773,3544,3545,1
1774,1774,3546,3547,1
1775,1775,3548,3549,1
1776,1776,3550,3551,1
1778,1778,3554,3555,1
1779,1779,3556,3557,1
1780,1780,3558,3559,1
1781,1781,3560,3561,1
1782,1782,3562,3563,1
1783,1783,3564,3565,1
1784,1784,3566,3567,1
1785,1785,3568,3569,1
1786,1786,3570,3571,1
1787,1787,3572,3573,1
1788,1788,3574,3575,1
1789,1789,3576,3577,1
1790,1790,3578,3579,1
1791,1791,3580,3581,1
1792,1792,3582,3583,1
1793,1793,3584,3585,1
1794,1794,3586,3587,1
1795,1795,3588,3589,1
1796,1796,3590,3591,1
1797,1797,3592,3593,1
1798,1798,3594,3595,1
1799,1799,3596,3597,1
1800,1800,3598,3599,1
1801,1801,3600,3601,1
1802,1802,3602,3603,1
1803,1803,3604,3605,1
1804,1804,3606,3607,1
1805,1805,3608,3609,1
1806,1806,3610,3611,1
1807,1807,3612,3613,1
1808,1808,3614,3615,1
1809,1809,3616,3617,1
1810,1810,3618,3619,1
1811,1811,3620,3621,1
1812,1812,3622,3623,1
1813,1813,3624,3625,1
1814,1814,3626,3627,1
1815,1815,3628,3629,1
1816,1816,3630,3631,1
1817,1817,3632,3633,1
1818,1818,3634,3635,1
1819,1819,3636,3637,1
1820,1820,3638,3639,1
1821,1821,3640,3641,1
1822,1822,3642,3643,1
1823,1823,3644,3645,1
1824,1824,3646,3647,1
1825,1825,3648,3649,1
1826,1826,3650,3651,1
1827,1827,3652,3653,1
1828,1828,3654,3655,1
1829,1829,3656,3657,1
1830,1830,3658,3659,1
1831,1831,3660,3661,1
1832,1832,3662,3663,1
1833,1833,3664,3665,1
1834,1834,3666,3667,1
1835,1835,3668,3669,0
1836,1836,3670,3671,1
1837,1837,3672,3673,1
1838,1838,3674,3675,1
1839,1839,3676,3677,1
1840,1840,3678,3679,1
1841,1841,3680,3681,1
1842,1842,3682,3683,1
1843,1843,3684,3685,1
1844,1844,3686,3687,1
1845,1845,3688,3689,1
1846,1846,3690,3691,1
1847,1847,3692,3693,1
1848,1848,3694,3695,1
1849,1849,3696,3697,1
1850,1850,3698,3699,1
1851,1851,3700,3701,1
1852,1852,3702,3703,1
1853,1853,3704,3705,1
1854,1854,3706,3707,1
1855,1855,3708,3709,1
1856,1856,3710,3711,1
1857,1857,3712,3713,1
1858,1858,3714,3715,1
1859,1859,3716,3717,1
1860,1860,3718,3719,1
1861,1861,3720,3721,1
1862,1862,3722,3723,1
1863,1863,3724,3725,1
1864,1864,3726,3727,1
1865,1865,3728,3729,1
1866,1866,3730,3731,1
1867,1867,3732,3733,1
1868,1868,3734,3735,1
1869,1869,3736,3737,1
1870,1870,3738,3739,1
1871,1871,3740,3741,1
1872,1872,3742,3743,1
1873,1873,3744,3745,1
1874,1874,3746,3747,1
1875,1875,3748,3749,1
1876,1876,3750,3751,1
1877,1877,3752,3753,1
1878,1878,3754,3755,1
1879,1879,3756,3757,1
1880,1880,3758,3759,1
1881,1881,3760,3761,1
1882,1882,3762,3763,1
1884,1884,3766,3767,1
1885,1885,3768,3769,1
1886,1886,3770,3771,1
1887,1887,3772,3773,1
1888,1888,3774,3775,1
1889,1889,3776,3777,1
1890,1890,3778,3779,1
1891,1891,3780,3781,1
1892,1892,3782,3783,1
1893,1893,3784,3785,1
1894,1894,3786,3787,1
1895,1895,3788,3789,1
1896,1896,3790,3791,1
1897,1897,3792,3793,1
1898,1898,3794,3795,1
1899,1899,3796,3797,1
1900,1900,3798,3799,1
1901,1901,3800,3801,1
1902,1902,3802,3803,1
1903,1903,3804,3805,1
1904,1904,3806,3807,1
1905,1905,3808,3809,1
1906,1906,3810,3811,1
1907,1907,3812,3813,1
1908,1908,3814,3815,1
1909,1909,3816,3817,1
1910,1910,3818,3819,1
1911,1911,3820,3821,1
1912,1912,3822,3823,1
1913,1913,3824,3825,0
1914,1914,3826,3827,1
1915,1915,3828,3829,1
1916,1916,3830,3831,1
1917,1917,3832,3833,1
1918,1918,3834,3835,1
1919,1919,3836,3837,1
1920,1920,3838,3839,1
1921,1921,3840,3841,1
1922,1922,3842,3843,1
1923,1923,3844,3845,1
1924,1924,3846,3847,1
1925,1925,3848,3849,1
1926,1926,3850,3851,1
1927,1927,3852,3853,1
1928,1928,3854,3855,1
1929,1929,3856,3857,1
1930,1930,3858,3859,1
1931,1931,3860,3861,1
1932,1932,3862,3863,1
1933,1933,3864,3865,1
1934,1934,3866,3867,1
1935,1935,3868,3869,1
1936,1936,3870,3871,1
1937,1937,3872,3873,1
1938,1938,3874,3875,1
1939,1939,3876,3877,1
1940,1940,3878,3879,1
1941,1941,3880,3881,1
1942,1942,3882,3883,1
1943,1943,3884,3885,1
1944,1944,3886,3887,1
1945,1945,3888,3889,1
1946,1946,3890,3891,1
1947,1947,3892,3893,1
1948,1948,3894,3895,1
1949,1949,3896,3897,1
1950,1950,3898,3899,1
1951,1951,3900,3901,1
1952,1952,3902,3903,1
1953,1953,3904,3905,1
1954,1954,3906,3907,1
1955,1955,3908,3909,1
1956,1956,3910,3911,1
1957,1957,3912,3913,1
1958,1958,3914,3915,1
1959,1959,3916,3917,1
1960,1960,3918,3919,1
1961,1961,3920,3921,1
1962,1962,3922,3923,1
1963,1963,3924,3925,1
1964,1964,3926,3927,1
1965,1965,3928,3929,1
1966,1966,3930,3931,1
1967,1967,3932,3933,1
1968,1968,3934,3935,1
1969,1969,3936,3937,1
1970,1970,3938,3939,1
1971,1971,3940,3941,1
1972,1972,3942,3943,1
1973,1973,3944,3945,1
1974,1974,3946,3947,1
1975,1975,3948,3949,1
1976,1976,3950,3951,1
1977,1977,3952,3953,1
1978,1978,3954,3955,1
1979,1979,3956,3957,1
1980,1980,3958,3959,1
1981,1981,3960,3961,1
1982,1982,3962,3963,1
1983,1983,3964,3965,1
1984,1984,3966,3967,1
1985,1985,3968,3969,0
1986,1986,3970,3971,1
1987,1987,3972,3973,1
1988,1988,3974,3975,1
1989,1989,3976,3977,1
1990,1990,3978,3979,1
1991,1991,3980,3981,1
1992,1992,3982,3983,1
1993,1993,3984,3985,1
1994,1994,3986,3987,1
1995,1995,3988,3989,1
1996,1996,3990,3991,1
1997,1997,3992,3993,1
1998,1998,3994,3995,1
1999,1999,3996,3997,1
2000,2000,3998,3999,1
2001,2001,4000,4001,1
2002,2002,4002,4003,1
2003,2003,4004,4005,1
2004,2004,4006,4007,1
2005,2005,4008,4009,1
2006,2006,4010,4011,1
2007,2007,4012,4013,1
2008,2008,4014,4015,1
2009,2009,4016,4017,1
2010,2010,4018,4019,1
2011,2011,4020,4021,1
2012,2012,4022,4023,1
2013,2013,4024,4025,1
2014,2014,4026,4027,1
2015,2015,4028,4029,1
2016,2016,4030,4031,1
2017,2017,4032,4033,1
2018,2018,4034,4035,1
2019,2019,4036,4037,1
2020,2020,4038,4039,1
2021,2021,4040,4041,1
2022,2022,4042,4043,1
2023,2023,4044,4045,1
2024,2024,4046,4047,1
2025,2025,4048,4049,1
2026,2026,4050,4051,1
2027,2027,4052,4053,1
2028,2028,4054,4055,1
2029,2029,4056,4057,1
2030,2030,4058,4059,1
2031,2031,4060,4061,1
2032,2032,4062,4063,1
2033,2033,4064,4065,1
2034,2034,4066,4067,1
2035,2035,4068,4069,1
2036,2036,4070,4071,1
2037,2037,4072,4073,1
2038,2038,4074,4075,1
2039,2039,4076,4077,1
2040,2040,4078,4079,1
2041,2041,4080,4081,1
2042,2042,4082,4083,1
2043,2043,4084,4085,1
2044,2044,4086,4087,1
2045,2045,4088,4089,1
2046,2046,4090,4091,1
2048,2048,4094,4095,1
2049,2049,4096,4097,1
2050,2050,4098,4099,1
2051,2051,4100,4101,1
2052,2052,4102,4103,1
2053,2053,4104,4105,1
2054,2054,4106,4107,1
2056,2056,4110,4111,1
2057,2057,4112,4113,1
2058,2058,4114,4115,1
2059,2059,4116,4117,1
2060,2060,4118,4119,1
2061,2061,4120,4121,1
2063,2063,4124,4125,1
2064,2064,4126,4127,1
2065,2065,4128,4129,1
2066,2066,4130,4131,1
2067,2067,4132,4133,1
2068,2068,4134,4135,1
2069,2069,4136,4137,1
2071,2071,4140,4141,0
2074,2074,4146,4147,0
2075,2075,4148,4149,0
2076,2076,4150,4151,0
2077,2077,4152,4153,0
2078,2078,4154,4155,0
2080,2080,4158,4159,0
2081,2081,4160,4161,1
2082,2082,4162,4163,1
2083,2083,4164,4165,1
2084,2084,4166,4167,1
2085,2085,4168,4169,1
2086,2086,4170,4171,1
2087,2087,4172,4173,0
2090,2090,4178,4179,0
2092,2092,4182,4183,1
2093,2093,4184,4185,1
2095,2095,4188,4189,0
2097,2097,4192,4193,0
2098,2098,4194,4195,0
2099,2099,4196,4197,1
2100,2100,4198,4199,1
2101,2101,4200,4201,1
2102,2102,4202,4203,1
2103,2103,4204,4205,1
2104,2104,4206,4207,1
2105,2105,4208,4209,1
2106,2106,4210,4211,1
2107,2107,4212,4213,1
2108,2108,4214,4215,1
2109,2109,4216,4217,1
2110,2110,4218,4219,1
2111,2111,4220,4221,1
2112,2112,4222,4223,1
2113,2113,4224,4225,1
2114,2114,4226,4227,1
2115,2115,4228,4229,1
2116,2116,4230,4231,1
2117,2117,4232,4233,1
2118,2118,4234,4235,1
2119,2119,4236,4237,1
2120,2120,4238,4239,1
2121,2121,4240,4241,1
2122,2122,4242,4243,1
2123,2123,4244,4245,1
2124,2124,4246,4247,1
2125,2125,4248,4249,1
2126,2126,4250,4251,1
2127,2127,4252,4253,1
2128,2128,4254,4255,1
2129,2129,4256,4257,1
2130,2130,4258,4259,1
2131,2131,4260,4261,1
2132,2132,4262,4263,1
2133,2133,4264,4265,1
2134,2134,4266,4267,1
2135,2135,4268,4269,1
2136,2136,4270,4271,1
2137,2137,4272,4273,0
2138,2138,4274,4275,1
2139,2139,4276,4277,1
2140,2140,4278,4279,1
2141,2141,4280,4281,1
2142,2142,4282,4283,1
2143,2143,4284,4285,0
2145,2145,4288,4289,1
2146,2146,4290,4291,1
2147,2147,4292,4293,1
2148,2148,4294,4295,1
2149,2149,4296,4297,1
2150,2150,4298,4299,1
2151,2151,4300,4301,1
2152,2152,4302,4303,1
2153,2153,4304,4305,1
2154,2154,4306,4307,1
2155,2155,4308,4309,1
2156,2156,4310,4311,1
2157,2157,4312,4313,1
2158,2158,4314,4315,1
2159,2159,4316,4317,1
2160,2160,4318,4319,1
2161,2161,4320,4321,1
2162,2162,4322,4323,1
2163,2163,4324,4325,1
2164,2164,4326,4327,1
2165,2165,4328,4329,0
2166,2166,4330,4331,0
2167,2167,4332,4333,0
2168,2168,4334,4335,0
2169,2169,4336,4337,0
2170,2170,4338,4339,0
2171,2171,4340,4341,0
2173,2173,4344,4345,0
2174,2174,4346,4347,0
2175,2175,4348,4349,0
2176,2176,4350,4351,0
2177,2177,4352,4353,0
2179,2179,4356,4357,0
2182,2182,4362,4363,0
2184,2184,4366,4367,0
2185,2185,4368,4369,0
2186,2186,4370,4371,0
2187,2187,4372,4373,0
2188,2188,4374,4375,0
2189,2189,4376,4377,0
2191,2191,4380,4381,0
2192,2192,4382,4383,0
2195,2195,4388,4389,0
2196,2196,4390,4391,0
2197,2197,4392,4393,0
2198,2198,4394,4395,0
2200,2200,4398,4399,0
2201,2201,4400,4401,0
2202,2202,4402,4403,0
2203,2203,4404,4405,0
2204,2204,4406,4407,0
2206,2206,4410,4411,0
2207,2207,4412,4413,1
2208,2208,4414,4415,0
2209,2209,4416,4417,0
2210,2210,4418,4419,0
2211,2211,4420,4421,0
2212,2212,4422,4423,0
2213,2213,4424,4425,0
2215,2215,4428,4429,0
2216,2216,4430,4431,0
2217,2217,4432,4433,0
2219,2219,4436,4437,0
2220,2220,4438,4439,0
2221,2221,4440,4441,0
2222,2222,4442,4443,0
2223,2223,4444,4445,0
2225,2225,4448,4449,0
2226,2226,4450,4451,0
2227,2227,4452,4453,0
2228,2228,4454,4455,0
2230,2230,4458,4459,0
2231,2231,4460,4461,0
2236,2236,4470,4471,0
2237,2237,4472,4473,0
2238,2238,4474,4475,0
2239,2239,4476,4477,0
2240,2240,4478,4479,0
2241,2241,4480,4481,0
2242,2242,4482,4483,0
2243,2243,4484,4485,0
2244,2244,4486,4487,0
2251,2251,4500,4501,0
2252,2252,4502,4503,1
2253,2253,4504,4505,0
2254,2254,4506,4507,0
2255,2255,4508,4509,1
2256,2256,4510,4511,1
2257,2257,4512,4513,1
2258,2258,4514,4515,1
2259,2259,4516,4517,1
2260,2260,4518,4519,1
2261,2261,4520,4521,1
2262,2262,4522,4523,0
2263,2263,4524,4525,0
2265,2265,4528,4529,0
2266,2266,4530,4531,0
2267,2267,4532,4533,0
2268,2268,4534,4535,1
2269,2269,4536,4537,1
2270,2270,4538,4539,1
2271,2271,4540,4541,1
2272,2272,4542,4543,1
2273,2273,4544,4545,1
2274,2274,4546,4547,1
2275,2275,4548,4549,1
2276,2276,4550,4551,1
2277,2277,4552,4553,1
2278,2278,4554,4555,1
2279,2279,4556,4557,1
2280,2280,4558,4559,1
2281,2281,4560,4561,1
2282,2282,4562,4563,1
2283,2283,4564,4565,1
2284,2284,4566,4567,1
2285,2285,4568,4569,0
2286,2286,4570,4571,1
2287,2287,4572,4573,1
2288,2288,4574,4575,1
2289,2289,4576,4577,1
2290,2290,4578,4579,1
2291,2291,4580,4581,1
2292,2292,4582,4583,1
2293,2293,4584,4585,1
2294,2294,4586,4587,1
2295,2295,4588,4589,1
2296,2296,4590,4591,1
2297,2297,4592,4593,1
2298,2298,4594,4595,1
2299,2299,4596,4597,1
2300,2300,4598,4599,1
2301,2301,4600,4601,1
2302,2302,4602,4603,1
2303,2303,4604,4605,1
2304,2304,4606,4607,1
2305,2305,4608,4609,1
2306,2306,4610,4611,1
2307,2307,4612,4613,1
2308,2308,4614,4615,1
2309,2309,4616,4617,1
2310,2310,4618,4619,1
2311,2311,4620,4621,1
2312,2312,4622,4623,1
2314,2314,4626,4627,1
2315,2315,4628,4629,1
2316,2316,4630,4631,1
2317,2317,4632,4633,1
2318,2318,4634,4635,1
2319,2319,4636,4637,1
2320,2320,4638,4639,1
2321,2321,4640,4641,1
2322,2322,4642,4643,1
2323,2323,4644,4645,1
2324,2324,4646,4647,1
2325,2325,4648,4649,1
2326,2326,4650,4651,1
2327,2327,4652,4653,1
2328,2328,4654,4655,0
2329,2329,4656,4657,0
2330,2330,4658,4659,0
2331,2331,4660,4661,0
2332,2332,4662,4663,1
2333,2333,4664,4665,0
2336,2336,4670,4671,1
2337,2337,4672,4673,1
2338,2338,4674,4675,1
2339,2339,4676,4677,1
2340,2340,4678,4679,1
2341,2341,4680,4681,1
2342,2342,4682,4683,1
2343,2343,4684,4685,1
2345,2345,4688,4689,1
2346,2346,4690,4691,0
2348,2348,4694,4695,0
2349,2349,4696,4697,0
2350,2350,4698,4699,0
2351,2351,4700,4701,0
2352,2352,4702,4703,0
2353,2353,4704,4705,0
2354,2354,4706,4707,1
2355,2355,4708,4709,1
2356,2356,4710,4711,1
2357,2357,4712,4713,1
2358,2358,4714,4715,1
2359,2359,4716,4717,0
2360,2360,4718,4719,1
2361,2361,4720,4721,0
2362,2362,4722,4723,0
2364,2364,4726,4727,0
2365,2365,4728,4729,0
2366,2366,4730,4731,0
2367,2367,4732,4733,1
2369,2369,4736,4737,0
2370,2370,4738,4739,0
2373,2373,4744,4745,1
2376,2376,4750,4751,0
2378,2378,4754,4755,1
2379,2379,4756,4757,0
2380,2380,4758,4759,1
2381,2381,4760,4761,1
2384,2384,4766,4767,0
2385,2385,4768,4769,1
2386,2386,4770,4771,0
2387,2387,4772,4773,0
2390,2390,4778,4779,0
2391,2391,4780,4781,0
2392,2392,4782,4783,0
2394,2394,4786,4787,0
2397,2397,4792,4793,0
2398,2398,4794,4795,0
2399,2399,4796,4797,0
2404,2404,4806,4807,0
2405,2405,4808,4809,0
2409,2409,4816,4817,0
2410,2410,4818,4819,1
2411,2411,4820,4821,0
2412,2412,4822,4823,0
2413,2413,4824,4825,1
2414,2414,4826,4827,1
2415,2415,4828,4829,1
2416,2416,4830,4831,1
2417,2417,4832,4833,1
2418,2418,4834,4835,1
2419,2419,4836,4837,0
2420,2420,4838,4839,0
2421,2421,4840,4841,1
2422,2422,4842,4843,1
2423,2423,4844,4845,1
2424,2424,4846,4847,1
2425,2425,4848,4849,1
2426,2426,4850,4851,1
2427,2427,4852,4853,1
2428,2428,4854,4855,1
2429,2429,4856,4857,1
2430,2430,4858,4859,1
2431,2431,4860,4861,1
2432,2432,4862,4863,1
2433,2433,4864,4865,1
2434,2434,4866,4867,1
2435,2435,4868,4869,1
2436,2436,4870,4871,1
2437,2437,4872,4873,1
2438,2438,4874,4875,1
2439,2439,4876,4877,1
2440,2440,4878,4879,1
2441,2441,4880,4881,1
2442,2442,4882,4883,1
2443,2443,4884,4885,1
2444,2444,4886,4887,1
2445,2445,4888,4889,1
2446,2446,4890,4891,1
2447,2447,4892,4893,1
2448,2448,4894,4895,1
2449,2449,4896,4897,1
2450,2450,4898,4899,1
2451,2451,4900,4901,1
2452,2452,4902,4903,1
2453,2453,4904,4905,1
2454,2454,4906,4907,1
2455,2455,4908,4909,1
2456,2456,4910,4911,1
2457,2457,4912,4913,1
2458,2458,4914,4915,1
2459,2459,4916,4917,1
2460,2460,4918,4919,1
2461,2461,4920,4921,1
2462,2462,4922,4923,1
2463,2463,4924,4925,1
2464,2464,4926,4927,1
2465,2465,4928,4929,1
2466,2466,4930,4931,1
2467,2467,4932,4933,1
2468,2468,4934,4935,0
2469,2469,4936,4937,0
2470,2470,4938,4939,1
2473,2473,4944,4945,1
2474,2474,4946,4947,0
2477,2477,4952,4953,0
2478,2478,4954,4955,1
2479,2479,4956,4957,1
2480,2480,4958,4959,1
2481,2481,4960,4961,1
2482,2482,4962,4963,1
2483,2483,4964,4965,1
2484,2484,4966,4967,1
2485,2485,4968,4969,1
2486,2486,4970,4971,1
2487,2487,4972,4973,1
2488,2488,4974,4975,1
2489,2489,4976,4977,1
2490,2490,4978,4979,1
2491,2491,4980,4981,1
2492,2492,4982,4983,1
2493,2493,4984,4985,1
2494,2494,4986,4987,1
2495,2495,4988,4989,1
2496,2496,4990,4991,1
2497,2497,4992,4993,0
2498,2498,4994,4995,0
2499,2499,4996,4997,1
2500,2500,4998,4999,0
2501,2501,5000,5001,1
2503,2503,5004,5005,1
2504,2504,5006,5007,1
2505,2505,5008,5009,1
2506,2506,5010,5011,1
2507,2507,5012,5013,0
2508,2508,5014,5015,0
2509,2509,5016,5017,1
2510,2510,5018,5019,1
2511,2511,5020,5021,1
2512,2512,5022,5023,1
2513,2513,5024,5025,1
2514,2514,5026,5027,1
2515,2515,5028,5029,1
2516,2516,5030,5031,1
2517,2517,5032,5033,1
2518,2518,5034,5035,1
2519,2519,5036,5037,1
2520,2520,5038,5039,1
2521,2521,5040,5041,1
2522,2522,5042,5043,1
2523,2523,5044,5045,1
2524,2524,5046,5047,1
2525,2525,5048,5049,1
2526,2526,5050,5051,1
2527,2527,5052,5053,1
2528,2528,5054,5055,1
2529,2529,5056,5057,1
2530,2530,5058,5059,1
2531,2531,5060,5061,1
2532,2532,5062,5063,1
2533,2533,5064,5065,1
2534,2534,5066,5067,1
2535,2535,5068,5069,1
2536,2536,5070,5071,1
2537,2537,5072,5073,1
2538,2538,5074,5075,1
2539,2539,5076,5077,1
2540,2540,5078,5079,1
2541,2541,5080,5081,1
2542,2542,5082,5083,1
2543,2543,5084,5085,1
2544,2544,5086,5087,1
2545,2545,5088,5089,1
2546,2546,5090,5091,1
2547,2547,5092,5093,1
2548,2548,5094,5095,1
2549,2549,5096,5097,1
2550,2550,5098,5099,1
2551,2551,5100,5101,0
2552,2552,5102,5103,1
2555,2555,5108,5109,0
2557,2557,5112,5113,0
2558,2558,5114,5115,0
2560,2560,5118,5119,0
2561,2561,5120,5121,0
