id1,id2,project,test_id,method_id,label
1489,1489,mockserver,2976,2977,1
159,159,dubbo,316,317,1
976,976,admiral,1950,1951,0
1066,1066,remoting,2130,2131,1
2233,2233,adyen-java-api-library,4464,4465,0
1427,1427,graylog2-server,2852,2853,0
309,309,junit-quickcheck,616,617,0
926,926,DataflowTemplates,1850,1851,1
671,671,nifi,1340,1341,1
1496,1496,mockserver,2990,2991,1
2506,2506,undertow,5010,5011,1
2145,2145,cxf,4288,4289,1
1550,1550,shardingsphere-elasticjob,3098,3099,1
445,445,wro4j,888,889,1
421,421,vpc-java-sdk,840,841,0
1713,1713,incubator-shardingsphere,3424,3425,1
1329,1329,webdrivermanager,2656,2657,1
778,778,http-request,1554,1555,1
2276,2276,aem-core-wcm-components,4550,4551,1
440,440,wro4j,878,879,1
995,995,admiral,1988,1989,1
1959,1959,Mapper,3916,3917,1
1561,1561,GraphJet,3120,3121,1
397,397,Strata,792,793,0
715,715,nifi,1428,1429,1
2312,2312,Chronicle-Wire,4622,4623,1
608,608,nifi,1214,1215,1
1736,1736,rrd4j,3470,3471,1
2109,2109,wildfly,4216,4217,1
1469,1469,openpojo,2936,2937,1
1186,1186,hadoop,2370,2371,1
1386,1386,hive,2770,2771,1
519,519,jsonex,1036,1037,1
577,577,nifi,1152,1153,1
1344,1344,ollie,2686,2687,1
17,17,dubbo,32,33,0
178,178,dubbo,354,355,0
1570,1570,jackrabbit-oak,3138,3139,1
1958,1958,Mapper,3914,3915,1
1161,1161,edn-java,2320,2321,0
675,675,nifi,1348,1349,1
319,319,junit-quickcheck,636,637,0
1315,1315,JSON-java,2628,2629,1
682,682,nifi,1362,1363,1
2558,2558,druid,5114,5115,0
1648,1648,jetcache,3294,3295,0
261,261,junit-quickcheck,520,521,0
863,863,apollo,1724,1725,1
325,325,junit-quickcheck,648,649,0
1232,1232,hadoop,2462,2463,1
1474,1474,Rosetta,2946,2947,1
37,37,dubbo,72,73,1
556,556,spring-hateoas,1110,1111,1
980,980,admiral,1958,1959,1
356,356,tribuo,710,711,1
2435,2435,visualee,4868,4869,1
52,52,dubbo,102,103,1
1615,1615,castle-java,3228,3229,0
2234,2234,adyen-java-api-library,4466,4467,0
588,588,nifi,1174,1175,1
1998,1998,ozone,3994,3995,1
1683,1683,eco-schema-catalog,3364,3365,1
902,902,DataflowTemplates,1802,1803,1
2490,2490,oci-hdfs-connector,4978,4979,1
1765,1765,c2mon,3528,3529,1
2123,2123,wildfly,4244,4245,1
2094,2094,openapi-generator,4186,4187,0
1525,1525,mockserver,3048,3049,0
1501,1501,mockserver,3000,3001,0
409,409,vpc-java-sdk,816,817,0
207,207,junit-quickcheck,412,413,0
313,313,junit-quickcheck,624,625,0
36,36,dubbo,70,71,1
1991,1991,ozone,3980,3981,1
215,215,junit-quickcheck,428,429,0
2054,2054,biojava,4106,4107,1
950,950,linq4j,1898,1899,1
679,679,nifi,1356,1357,1
2343,2343,asset-share-commons,4684,4685,1
270,270,junit-quickcheck,538,539,0
576,576,nifi,1150,1151,1
1180,1180,hadoop,2358,2359,1
803,803,http-request,1604,1605,1
1177,1177,hadoop,2352,2353,1
1868,1868,ormlite-core,3734,3735,1
2540,2540,typescript-generator,5078,5079,1
1350,1350,hive,2698,2699,1
111,111,dubbo,220,221,1
1227,1227,hadoop,2452,2453,1
2395,2395,commons-lang,4788,4789,0
904,904,DataflowTemplates,1806,1807,1
1380,1380,hive,2758,2759,1
862,862,botbuilder-java,1722,1723,0
491,491,scimono,980,981,1
204,204,junit-quickcheck,406,407,0
1163,1163,spring-cloud-kubernetes,2324,2325,1
2361,2361,Sentinel,4720,4721,0
2101,2101,wildfly,4200,4201,1
1363,1363,hive,2724,2725,1
1237,1237,hadoop,2472,2473,1
2035,2035,biojava,4068,4069,1
212,212,junit-quickcheck,422,423,0
97,97,dubbo,192,193,1
1578,1578,jackrabbit-oak,3154,3155,1
653,653,nifi,1304,1305,1
932,932,DataflowTemplates,1862,1863,1
1689,1689,db-scheduler,3376,3377,1
239,239,junit-quickcheck,476,477,0
1948,1948,Mapper,3894,3895,1
1775,1775,ormlite-core,3548,3549,1
259,259,junit-quickcheck,516,517,0
337,337,junit-quickcheck,672,673,0
1984,1984,Mapper,3966,3967,1
2152,2152,cxf,4302,4303,1
1940,1940,Mapper,3878,3879,1
1791,1791,ormlite-core,3580,3581,1
969,969,admiral,1936,1937,1
2140,2140,wildfly,4278,4279,1
981,981,admiral,1960,1961,1
248,248,junit-quickcheck,494,495,0
864,864,apollo,1726,1727,1
1622,1622,castle-java,3242,3243,0
885,885,spring-data-gemfire,1768,1769,1
1910,1910,Mapper,3818,3819,1
907,907,DataflowTemplates,1812,1813,1
1655,1655,guava,3308,3309,1
242,242,junit-quickcheck,482,483,0
2025,2025,biojava,4048,4049,1
2340,2340,sos,4678,4679,1
2450,2450,visualee,4898,4899,1
30,30,dubbo,58,59,1
784,784,http-request,1566,1567,1
1987,1987,ozone,3972,3973,1
121,121,dubbo,240,241,1
189,189,junit-quickcheck,376,377,0
2090,2090,openapi-generator,4178,4179,0
1218,1218,hadoop,2434,2435,1
1484,1484,graphhopper,2966,2967,1
958,958,admiral,1914,1915,1
2091,2091,openapi-generator,4180,4181,0
891,891,spring-data-gemfire,1780,1781,0
589,589,nifi,1176,1177,1
1448,1448,ecchronos,2894,2895,0
618,618,nifi,1234,1235,1
522,522,retrofit,1042,1043,1
1986,1986,ozone,3970,3971,1
19,19,dubbo,36,37,1
1352,1352,hive,2702,2703,1
2341,2341,asset-share-commons,4680,4681,1
2291,2291,Chronicle-Wire,4580,4581,1
155,155,dubbo,308,309,1
1592,1592,jackson-module-jsonSchema,3182,3183,0
2163,2163,SchemaCrawler,4324,4325,1
344,344,junit-quickcheck,686,687,0
109,109,dubbo,216,217,1
1843,1843,ormlite-core,3684,3685,1
1606,1606,castle-java,3210,3211,0
2418,2418,jackson-dataformat-xml,4834,4835,1
348,348,marine-api,694,695,1
13,13,dubbo,24,25,1
2027,2027,biojava,4052,4053,1
698,698,nifi,1394,1395,1
359,359,tribuo,716,717,1
1814,1814,ormlite-core,3626,3627,1
1997,1997,ozone,3992,3993,1
2128,2128,wildfly,4254,4255,1
2501,2501,undertow,5000,5001,1
2060,2060,biojava,4118,4119,1
2073,2073,nutz,4144,4145,0
152,152,dubbo,302,303,1
1680,1680,eco-schema-catalog,3358,3359,1
2158,2158,cxf,4314,4315,1
2422,2422,visualee,4842,4843,1
847,847,facebook-java-business-sdk,1692,1693,0
748,748,Singularity,1494,1495,1
714,714,nifi,1426,1427,1
2446,2446,visualee,4890,4891,1
315,315,junit-quickcheck,628,629,0
830,830,rest-assured,1658,1659,0
990,990,admiral,1978,1979,1
792,792,http-request,1582,1583,1
1334,1334,tyrus,2666,2667,1
523,523,retrofit,1044,1045,1
978,978,admiral,1954,1955,1
1408,1408,fluent-logger-java,2814,2815,1
841,841,rest-assured,1680,1681,0
1194,1194,hadoop,2386,2387,1
1039,1039,alluxio,2076,2077,1
2402,2402,immutables,4802,4803,0
666,666,nifi,1330,1331,1
2510,2510,typescript-generator,5018,5019,1
2554,2554,druid,5106,5107,0
1952,1952,Mapper,3902,3903,1
1588,1588,utils,3174,3175,0
1517,1517,mockserver,3032,3033,0
238,238,junit-quickcheck,474,475,0
555,555,spring-hateoas,1108,1109,1
2179,2179,adyen-java-api-library,4356,4357,0
2148,2148,cxf,4294,4295,1
899,899,DataflowTemplates,1796,1797,1
351,351,marine-api,700,701,1
14,14,dubbo,26,27,0
979,979,admiral,1956,1957,1
2539,2539,typescript-generator,5076,5077,1
1269,1269,hadoop,2536,2537,1
514,514,jsonex,1026,1027,1
1189,1189,hadoop,2376,2377,1
2208,2208,adyen-java-api-library,4414,4415,0
892,892,spring-data-gemfire,1782,1783,0
128,128,dubbo,254,255,0
240,240,junit-quickcheck,478,479,0
385,385,flowable-engine,768,769,1
1733,1733,amazon-pay-api-sdk-java,3464,3465,1
1483,1483,graphhopper,2964,2965,1
1463,1463,openpojo,2924,2925,1
843,843,rest-assured,1684,1685,0
432,432,Universal-G-Code-Sender,862,863,1
69,69,dubbo,136,137,1
1349,1349,hive,2696,2697,1
611,611,nifi,1220,1221,1
2522,2522,typescript-generator,5042,5043,1
2199,2199,adyen-java-api-library,4396,4397,0
1010,1010,admiral,2018,2019,1
1303,1303,hadoop,2604,2605,1
2482,2482,bookkeeper,4962,4963,1
1210,1210,hadoop,2418,2419,1
108,108,dubbo,214,215,1
291,291,junit-quickcheck,580,581,0
1589,1589,utils,3176,3177,0
525,525,retrofit,1048,1049,1
1003,1003,admiral,2004,2005,1
2419,2419,jackson-dataformat-xml,4836,4837,0
571,571,nifi,1140,1141,1
2153,2153,cxf,4304,4305,1
1729,1729,cloud-slang,3456,3457,1
1675,1675,soot,3348,3349,0
2320,2320,Chronicle-Wire,4638,4639,1
968,968,admiral,1934,1935,1
1761,1761,java-sdk-core,3520,3521,0
2334,2334,jackson-datatypes-collections,4666,4667,0
1158,1158,fosstars-rating-core,2314,2315,1
410,410,vpc-java-sdk,818,819,0
541,541,spring-hateoas,1080,1081,1
819,819,jboot,1636,1637,1
487,487,Digital,972,973,0
1866,1866,ormlite-core,3730,3731,1
760,760,weblogic-monitoring-exporter,1518,1519,0
59,59,dubbo,116,117,1
779,779,http-request,1556,1557,1
930,930,DataflowTemplates,1858,1859,1
1026,1026,admiral,2050,2051,1
1260,1260,hadoop,2518,2519,1
2452,2452,visualee,4902,4903,1
243,243,junit-quickcheck,484,485,0
1768,1768,c2mon,3534,3535,1
2211,2211,adyen-java-api-library,4420,4421,0
1478,1478,Rosetta,2954,2955,1
1600,1600,jackson-module-jsonSchema,3198,3199,0
438,438,wro4j,874,875,1
1693,1693,db-scheduler,3384,3385,1
539,539,spring-hateoas,1076,1077,1
2292,2292,Chronicle-Wire,4582,4583,1
2552,2552,commons-math,5102,5103,1
2428,2428,visualee,4854,4855,1
1793,1793,ormlite-core,3584,3585,1
2451,2451,visualee,4900,4901,1
1306,1306,hadoop,2610,2611,1
1874,1874,ormlite-core,3746,3747,1
842,842,rest-assured,1682,1683,0
875,875,apollo,1748,1749,0
897,897,spring-security-oauth,1792,1793,1
434,434,Universal-G-Code-Sender,866,867,1
1841,1841,ormlite-core,3680,3681,1
98,98,dubbo,194,195,1
2223,2223,adyen-java-api-library,4444,4445,0
2403,2403,immutables,4804,4805,0
510,510,jsonex,1018,1019,1
126,126,dubbo,250,251,1
1549,1549,shardingsphere-elasticjob,3096,3097,1
1516,1516,mockserver,3030,3031,1
747,747,Singularity,1492,1493,1
1721,1721,liquibase,3440,3441,0
2087,2087,openapi-generator,4172,4173,0
865,865,apollo,1728,1729,1
1175,1175,hadoop,2348,2349,1
1148,1148,nacos,2294,2295,1
1682,1682,eco-schema-catalog,3362,3363,1
722,722,nifi,1442,1443,1
1388,1388,hive,2774,2775,1
1089,1089,vCenter_Plugin_DME,2176,2177,1
1512,1512,mockserver,3022,3023,0
1114,1114,riptide,2226,2227,1
600,600,nifi,1198,1199,1
1261,1261,hadoop,2520,2521,1
1147,1147,nacos,2292,2293,1
26,26,dubbo,50,51,1
592,592,nifi,1182,1183,1
404,404,Strata,806,807,0
1145,1145,nacos,2288,2289,1
2290,2290,Chronicle-Wire,4578,4579,1
796,796,http-request,1590,1591,1
401,401,Strata,800,801,0
2150,2150,cxf,4298,4299,1
1336,1336,tyrus,2670,2671,1
40,40,dubbo,78,79,1
609,609,nifi,1216,1217,1
2363,2363,Sentinel,4724,4725,0
1815,1815,ormlite-core,3628,3629,1
1464,1464,openpojo,2926,2927,1
1707,1707,incubator-shardingsphere,3412,3413,1
250,250,junit-quickcheck,498,499,0
88,88,dubbo,174,175,1
2400,2400,immutables,4798,4799,0
1695,1695,jsondoc,3388,3389,1
520,520,jsonex,1038,1039,1
1740,1740,balana,3478,3479,1
2119,2119,wildfly,4236,4237,1
670,670,nifi,1338,1339,1
867,867,apollo,1732,1733,0
22,22,dubbo,42,43,1
585,585,nifi,1168,1169,0
933,933,DataflowTemplates,1864,1865,1
1116,1116,riptide,2230,2231,1
827,827,jboot,1652,1653,1
219,219,junit-quickcheck,436,437,0
868,868,apollo,1734,1735,0
1253,1253,hadoop,2504,2505,1
1933,1933,Mapper,3864,3865,1
2298,2298,Chronicle-Wire,4594,4595,1
2375,2375,commons-lang,4748,4749,0
161,161,dubbo,320,321,1
1799,1799,ormlite-core,3596,3597,1
1246,1246,hadoop,2490,2491,0
96,96,dubbo,190,191,1
2453,2453,visualee,4904,4905,1
1231,1231,hadoop,2460,2461,0
387,387,flowable-engine,772,773,0
156,156,dubbo,310,311,1
1397,1397,Struts,2792,2793,1
893,893,secor,1784,1785,1
145,145,dubbo,288,289,1
2122,2122,wildfly,4242,4243,1
2537,2537,typescript-generator,5072,5073,1
451,451,wro4j,900,901,1
1067,1067,remoting,2132,2133,1
1424,1424,graylog2-server,2846,2847,0
2532,2532,typescript-generator,5062,5063,1
1973,1973,Mapper,3944,3945,1
2227,2227,adyen-java-api-library,4452,4453,0
1637,1637,timely,3272,3273,0
1371,1371,hive,2740,2741,1
1967,1967,Mapper,3932,3933,1
859,859,botbuilder-java,1716,1717,0
475,475,spring-data-jpa,948,949,0
58,58,dubbo,114,115,1
1901,1901,spring-data-rest,3800,3801,1
1297,1297,hadoop,2592,2593,1
2258,2258,spring-data-jdbc,4514,4515,1
1533,1533,kylin,3064,3065,1
324,324,junit-quickcheck,646,647,0
1401,1401,Struts,2800,2801,1
420,420,vpc-java-sdk,838,839,0
686,686,nifi,1370,1371,1
1283,1283,hadoop,2564,2565,1
1962,1962,Mapper,3922,3923,1
340,340,junit-quickcheck,678,679,0
2236,2236,adyen-java-api-library,4470,4471,0
657,657,nifi,1312,1313,1
213,213,junit-quickcheck,424,425,0
719,719,nifi,1436,1437,1
23,23,dubbo,44,45,0
977,977,admiral,1952,1953,0
1392,1392,Struts,2782,2783,1
2192,2192,adyen-java-api-library,4382,4383,0
2200,2200,adyen-java-api-library,4398,4399,0
1794,1794,ormlite-core,3586,3587,1
568,568,nifi,1134,1135,0
2409,2409,immutables,4816,4817,0
1038,1038,alluxio,2074,2075,1
1567,1567,jackrabbit-oak,3132,3133,1
1939,1939,Mapper,3876,3877,1
349,349,marine-api,696,697,1
629,629,nifi,1256,1257,1
1891,1891,rxjava2-extras,3780,3781,1
2351,2351,jReddit,4700,4701,0
187,187,junit-quickcheck,372,373,0
195,195,junit-quickcheck,388,389,0
2135,2135,wildfly,4268,4269,1
2555,2555,druid,5108,5109,0
100,100,dubbo,198,199,0
730,730,nifi,1458,1459,0
1508,1508,mockserver,3014,3015,1
1212,1212,hadoop,2422,2423,1
1404,1404,fluent-logger-java,2806,2807,1
636,636,nifi,1270,1271,1
1931,1931,Mapper,3860,3861,1
1382,1382,hive,2762,2763,1
1601,1601,jackson-module-jsonSchema,3200,3201,0
2037,2037,biojava,4072,4073,1
1328,1328,snowflake-jdbc,2654,2655,1
2285,2285,Chronicle-Wire,4568,4569,0
693,693,nifi,1384,1385,1
1511,1511,mockserver,3020,3021,1
1584,1584,taxonomy-sdk,3166,3167,0
2157,2157,cxf,4312,4313,1
51,51,dubbo,100,101,1
674,674,nifi,1346,1347,1
1850,1850,ormlite-core,3698,3699,1
507,507,jackson-dataformats-binary,1012,1013,1
954,954,Jprotobuf-rpc-socket,1906,1907,1
2051,2051,biojava,4100,4101,1
2474,2474,incubator-shenyu,4946,4947,0
1520,1520,mockserver,3038,3039,0
1124,1124,json-schema-validator,2246,2247,0
1580,1580,jackrabbit-oak,3158,3159,1
2166,2166,org.openhab.binding.zwave,4330,4331,0
1590,1590,r2dbc-mysql,3178,3179,1
1138,1138,nacos,2274,2275,1
47,47,dubbo,92,93,1
2423,2423,visualee,4844,4845,1
732,732,nifi,1462,1463,0
1054,1054,incubator-ratis,2106,2107,1
2137,2137,wildfly,4272,4273,0
586,586,nifi,1170,1171,0
616,616,nifi,1230,1231,1
1966,1966,Mapper,3930,3931,1
502,502,jackson-dataformats-binary,1002,1003,1
163,163,dubbo,324,325,0
2559,2559,druid,5116,5117,0
2431,2431,visualee,4860,4861,1
95,95,dubbo,188,189,1
1503,1503,mockserver,3004,3005,0
1784,1784,ormlite-core,3566,3567,1
1581,1581,jackrabbit-oak,3160,3161,1
1822,1822,ormlite-core,3642,3643,1
227,227,junit-quickcheck,452,453,0
2173,2173,adyen-java-api-library,4344,4345,0
988,988,admiral,1974,1975,1
807,807,vjtools,1612,1613,0
1272,1272,hadoop,2542,2543,1
2316,2316,Chronicle-Wire,4630,4631,1
1613,1613,castle-java,3224,3225,0
846,846,rest-assured,1690,1691,0
649,649,nifi,1296,1297,1
282,282,junit-quickcheck,562,563,0
1826,1826,ormlite-core,3650,3651,1
1645,1645,jmxfetch,3288,3289,1
216,216,junit-quickcheck,430,431,0
1649,1649,jetcache,3296,3297,1
2023,2023,biojava,4044,4045,1
2277,2277,aem-core-wcm-components,4552,4553,1
635,635,nifi,1268,1269,1
1154,1154,nacos,2306,2307,1
900,900,DataflowTemplates,1798,1799,1
898,898,DataflowTemplates,1794,1795,1
1937,1937,Mapper,3872,3873,1
2283,2283,aem-core-wcm-components,4564,4565,1
559,559,spring-hateoas,1116,1117,1
741,741,Singularity,1480,1481,1
1015,1015,admiral,2028,2029,1
2105,2105,wildfly,4208,4209,1
2167,2167,adyen-java-api-library,4332,4333,0
1171,1171,hadoop,2340,2341,1
1845,1845,ormlite-core,3688,3689,1
661,661,nifi,1320,1321,0
912,912,DataflowTemplates,1822,1823,1
1787,1787,ormlite-core,3572,3573,1
435,435,wro4j,868,869,1
799,799,http-request,1596,1597,1
144,144,dubbo,286,287,1
91,91,dubbo,180,181,1
151,151,dubbo,300,301,1
1530,1530,pair-distribution-app,3058,3059,1
1425,1425,graylog2-server,2848,2849,0
2383,2383,commons-lang,4764,4765,0
2072,2072,nutz,4142,4143,0
1862,1862,ormlite-core,3722,3723,1
1882,1882,ormlite-core,3762,3763,1
644,644,nifi,1286,1287,1
471,471,jackson-modules-base,940,941,0
304,304,junit-quickcheck,606,607,0
2448,2448,visualee,4894,4895,1
2288,2288,Chronicle-Wire,4574,4575,1
1100,1100,vCenter_Plugin_DME,2198,2199,1
1985,1985,Mapper,3968,3969,0
425,425,spring-data-couchbase,848,849,0
1919,1919,Mapper,3836,3837,1
125,125,dubbo,248,249,1
1151,1151,nacos,2300,2301,1
1492,1492,mockserver,2982,2983,1
2308,2308,Chronicle-Wire,4614,4615,1
901,901,DataflowTemplates,1800,1801,1
872,872,apollo,1742,1743,1
2289,2289,Chronicle-Wire,4576,4577,1
1419,1419,graylog2-server,2836,2837,0
2323,2323,Chronicle-Wire,4644,4645,1
1893,1893,cp-ddd-framework,3784,3785,1
721,721,nifi,1440,1441,1
1132,1132,nacos,2262,2263,1
165,165,dubbo,328,329,1
2311,2311,Chronicle-Wire,4620,4621,1
1923,1923,Mapper,3844,3845,1
2519,2519,typescript-generator,5036,5037,1
861,861,botbuilder-java,1720,1721,0
757,757,AuthMeReloaded,1512,1513,0
1881,1881,ormlite-core,3760,3761,1
1506,1506,mockserver,3010,3011,0
1313,1313,hadoop,2624,2625,0
1135,1135,nacos,2268,2269,1
1378,1378,hive,2754,2755,1
1043,1043,Slimefun4,2084,2085,0
2384,2384,commons-lang,4766,4767,0
2396,2396,commons-lang,4790,4791,0
2012,2012,ozone,4022,4023,1
1544,1544,shardingsphere-elasticjob,3086,3087,1
85,85,dubbo,168,169,1
443,443,wro4j,884,885,1
1521,1521,mockserver,3040,3041,0
1126,1126,nacos,2250,2251,1
2180,2180,adyen-java-api-library,4358,4359,0
2324,2324,Chronicle-Wire,4646,4647,1
7,7,aws-dynamodb-encryption-java,12,13,0
883,883,jnr-posix,1764,1765,1
1667,1667,pulsar,3332,3333,0
1252,1252,hadoop,2502,2503,1
299,299,junit-quickcheck,596,597,0
394,394,Strata,786,787,0
2224,2224,adyen-java-api-library,4446,4447,0
1758,1758,java-sdk-core,3514,3515,0
1423,1423,graylog2-server,2844,2845,0
1195,1195,hadoop,2388,2389,1
1538,1538,shardingsphere-elasticjob,3074,3075,1
2267,2267,feign,4532,4533,0
1837,1837,ormlite-core,3672,3673,1
1807,1807,ormlite-core,3612,3613,1
2186,2186,adyen-java-api-library,4370,4371,0
1555,1555,shardingsphere-elasticjob,3108,3109,1
1393,1393,Struts,2784,2785,1
480,480,jackson-databind,958,959,0
1487,1487,mockserver,2972,2973,1
2436,2436,visualee,4870,4871,1
478,478,jackson-databind,954,955,0
2155,2155,cxf,4308,4309,1
2525,2525,typescript-generator,5048,5049,1
1668,1668,pulsar,3334,3335,0
509,509,jackson-dataformats-binary,1016,1017,1
2,2,mybatis-3,2,3,0
886,886,spring-data-gemfire,1770,1771,1
1718,1718,incubator-shardingsphere,3434,3435,1
1744,1744,karate,3486,3487,1
2147,2147,cxf,4292,4293,1
234,234,junit-quickcheck,466,467,0
414,414,vpc-java-sdk,826,827,0
1988,1988,ozone,3974,3975,1
2338,2338,citrus,4674,4675,1
1143,1143,nacos,2284,2285,1
2517,2517,typescript-generator,5032,5033,1
1242,1242,hadoop,2482,2483,1
1214,1214,hadoop,2426,2427,1
1192,1192,hadoop,2382,2383,1
2172,2172,adyen-java-api-library,4342,4343,0
446,446,wro4j,890,891,1
2154,2154,cxf,4306,4307,1
645,645,nifi,1288,1289,1
905,905,DataflowTemplates,1808,1809,1
1568,1568,jackrabbit-oak,3134,3135,1
2484,2484,hraven,4966,4967,1
1515,1515,mockserver,3028,3029,1
302,302,junit-quickcheck,602,603,0
1623,1623,castle-java,3244,3245,0
2535,2535,typescript-generator,5068,5069,1
2281,2281,aem-core-wcm-components,4560,4561,1
564,564,tools,1126,1127,1
870,870,apollo,1738,1739,0
2389,2389,commons-lang,4776,4777,0
1827,1827,ormlite-core,3652,3653,1
2066,2066,sawmill,4130,4131,1
829,829,WebCollector,1656,1657,1
78,78,dubbo,154,155,1
696,696,nifi,1390,1391,1
1938,1938,Mapper,3874,3875,1
1677,1677,soot,3352,3353,0
2476,2476,incubator-shenyu,4950,4951,0
285,285,junit-quickcheck,568,569,0
1749,1749,jfreechart,3496,3497,1
253,253,junit-quickcheck,504,505,0
494,494,scimono,986,987,1
1894,1894,cp-ddd-framework,3786,3787,1
806,806,vjtools,1610,1611,0
384,384,flowable-engine,766,767,1
124,124,dubbo,246,247,1
2282,2282,aem-core-wcm-components,4562,4563,1
1785,1785,ormlite-core,3568,3569,1
557,557,spring-hateoas,1112,1113,1
744,744,Singularity,1486,1487,1
1453,1453,openpojo,2904,2905,0
1346,1346,querydsl,2690,2691,1
1593,1593,jackson-module-jsonSchema,3184,3185,0
759,759,weblogic-monitoring-exporter,1516,1517,0
1774,1774,ormlite-core,3546,3547,1
1614,1614,castle-java,3226,3227,0
296,296,junit-quickcheck,590,591,0
1968,1968,Mapper,3934,3935,1
307,307,junit-quickcheck,612,613,0
1789,1789,ormlite-core,3576,3577,1
2245,2245,adyen-java-api-library,4488,4489,0
1686,1686,eco-schema-catalog,3370,3371,1
66,66,dubbo,130,131,1
2304,2304,Chronicle-Wire,4606,4607,1
971,971,admiral,1940,1941,1
716,716,nifi,1430,1431,1
457,457,wro4j,912,913,1
554,554,spring-hateoas,1106,1107,1
1440,1440,graylog2-server,2878,2879,0
908,908,DataflowTemplates,1814,1815,1
621,621,nifi,1240,1241,1
1166,1166,hadoop,2330,2331,1
993,993,admiral,1984,1985,1
2096,2096,openapi-generator,4190,4191,0
169,169,dubbo,336,337,0
114,114,dubbo,226,227,1
27,27,dubbo,52,53,1
2182,2182,adyen-java-api-library,4362,4363,0
2041,2041,biojava,4080,4081,1
312,312,junit-quickcheck,622,623,0
2040,2040,biojava,4078,4079,1
2048,2048,biojava,4094,4095,1
2130,2130,wildfly,4258,4259,1
1262,1262,hadoop,2522,2523,1
264,264,junit-quickcheck,526,527,0
2373,2373,commons-lang,4744,4745,1
1994,1994,ozone,3986,3987,1
1897,1897,spring-data-rest,3792,3793,1
2078,2078,nutz,4154,4155,0
2111,2111,wildfly,4220,4221,1
1301,1301,hadoop,2600,2601,1
1219,1219,hadoop,2436,2437,1
2408,2408,immutables,4814,4815,0
1687,1687,excelastic,3372,3373,1
613,613,nifi,1224,1225,1
1858,1858,ormlite-core,3714,3715,1
597,597,nifi,1192,1193,1
422,422,vpc-java-sdk,842,843,0
1289,1289,hadoop,2576,2577,1
2102,2102,wildfly,4202,4203,1
1449,1449,whois,2896,2897,1
2014,2014,biojava,4026,4027,1
1266,1266,hadoop,2530,2531,1
2031,2031,biojava,4060,4061,1
2089,2089,openapi-generator,4176,4177,0
1811,1811,ormlite-core,3620,3621,1
453,453,wro4j,904,905,1
951,951,linq4j,1900,1901,1
1373,1373,hive,2744,2745,1
1872,1872,ormlite-core,3742,3743,1
154,154,dubbo,306,307,1
1372,1372,hive,2742,2743,1
2520,2520,typescript-generator,5038,5039,1
1360,1360,hive,2718,2719,1
1816,1816,ormlite-core,3630,3631,1
2230,2230,adyen-java-api-library,4458,4459,0
374,374,flowable-engine,746,747,1
399,399,Strata,796,797,0
1788,1788,ormlite-core,3574,3575,1
1259,1259,hadoop,2516,2517,1
871,871,apollo,1740,1741,1
150,150,dubbo,298,299,1
2005,2005,ozone,4008,4009,1
2251,2251,adyen-java-api-library,4500,4501,0
763,763,spring-cloud-gcp,1524,1525,1
136,136,dubbo,270,271,1
361,361,amazon-instant-access-sdk-java,720,721,0
998,998,admiral,1994,1995,1
2219,2219,adyen-java-api-library,4436,4437,0
1739,1739,rrd4j,3476,3477,1
627,627,nifi,1252,1253,1
2197,2197,adyen-java-api-library,4392,4393,0
370,370,flowable-engine,738,739,1
1913,1913,Mapper,3824,3825,0
594,594,nifi,1186,1187,1
2297,2297,Chronicle-Wire,4592,4593,1
711,711,nifi,1420,1421,1
363,363,amazon-instant-access-sdk-java,724,725,0
1305,1305,hadoop,2608,2609,1
1964,1964,Mapper,3926,3927,1
1678,1678,eco-schema-catalog,3354,3355,1
94,94,dubbo,186,187,1
1996,1996,ozone,3990,3991,1
1821,1821,ormlite-core,3640,3641,1
2068,2068,sawmill,4134,4135,1
2185,2185,adyen-java-api-library,4368,4369,0
1696,1696,sureness,3390,3391,1
1060,1060,commons-collections,2118,2119,0
2365,2365,Sentinel,4728,4729,0
2034,2034,biojava,4066,4067,1
1357,1357,hive,2712,2713,1
46,46,dubbo,90,91,1
815,815,java-classmate,1628,1629,0
1407,1407,fluent-logger-java,2812,2813,1
877,877,jmeter-maven-plugin,1752,1753,0
373,373,flowable-engine,744,745,1
1036,1036,admiral,2070,2071,0
362,362,amazon-instant-access-sdk-java,722,723,0
831,831,rest-assured,1660,1661,0
2165,2165,org.openhab.binding.zwave,4328,4329,0
809,809,vjtools,1616,1617,0
631,631,nifi,1260,1261,1
878,878,jnr-posix,1754,1755,1
1172,1172,hadoop,2342,2343,1
2528,2528,typescript-generator,5054,5055,1
1257,1257,hadoop,2512,2513,1
1213,1213,hadoop,2424,2425,1
642,642,nifi,1282,1283,1
999,999,admiral,1996,1997,1
79,79,dubbo,156,157,1
289,289,junit-quickcheck,576,577,0
882,882,jnr-posix,1762,1763,1
287,287,junit-quickcheck,572,573,0
1,1,mybatis-3,0,1,0
120,120,dubbo,238,239,1
1662,1662,pulsar,3322,3323,0
1444,1444,graylog2-server,2886,2887,0
1394,1394,Struts,2786,2787,1
917,917,DataflowTemplates,1832,1833,1
53,53,dubbo,104,105,1
1447,1447,ecchronos,2892,2893,0
2455,2455,visualee,4908,4909,1
2354,2354,Sentinel,4706,4707,1
383,383,flowable-engine,764,765,1
1621,1621,castle-java,3240,3241,0
1204,1204,hadoop,2406,2407,1
2302,2302,Chronicle-Wire,4602,4603,1
168,168,dubbo,334,335,0
194,194,junit-quickcheck,386,387,0
595,595,nifi,1188,1189,1
1285,1285,hadoop,2568,2569,1
1727,1727,cloud-slang,3452,3453,1
1441,1441,graylog2-server,2880,2881,0
504,504,jackson-dataformats-binary,1006,1007,1
1446,1446,ecchronos,2890,2891,1
2243,2243,adyen-java-api-library,4484,4485,0
224,224,junit-quickcheck,446,447,0
551,551,spring-hateoas,1100,1101,1
538,538,spring-hateoas,1074,1075,1
2104,2104,wildfly,4206,4207,1
444,444,wro4j,886,887,1
1203,1203,hadoop,2404,2405,1
2411,2411,jackson-dataformat-xml,4820,4821,0
1062,1062,commons-collections,2122,2123,0
448,448,wro4j,894,895,1
1128,1128,nacos,2254,2255,0
1504,1504,mockserver,3006,3007,0
1049,1049,jinjava,2096,2097,0
90,90,dubbo,178,179,1
1934,1934,Mapper,3866,3867,1
1950,1950,Mapper,3898,3899,1
357,357,tribuo,712,713,1
398,398,Strata,794,795,0
122,122,dubbo,242,243,1
692,692,nifi,1382,1383,1
1071,1071,remoting,2140,2141,1
2278,2278,aem-core-wcm-components,4554,4555,1
329,329,junit-quickcheck,656,657,0
266,266,junit-quickcheck,530,531,0
2394,2394,commons-lang,4786,4787,0
1769,1769,c2mon,3536,3537,1
2203,2203,adyen-java-api-library,4404,4405,0
625,625,nifi,1248,1249,1
2461,2461,visualee,4920,4921,1
2443,2443,visualee,4884,4885,1
826,826,jboot,1650,1651,1
2454,2454,visualee,4906,4907,1
1564,1564,jackrabbit-oak,3126,3127,1
1452,1452,openpojo,2902,2903,1
2062,2062,biojava,4122,4123,0
442,442,wro4j,882,883,1
590,590,nifi,1178,1179,1
1140,1140,nacos,2278,2279,1
1220,1220,hadoop,2438,2439,1
1951,1951,Mapper,3900,3901,1
546,546,spring-hateoas,1090,1091,1
86,86,dubbo,170,171,1
2061,2061,biojava,4120,4121,1
1954,1954,Mapper,3906,3907,1
1929,1929,Mapper,3856,3857,1
838,838,rest-assured,1674,1675,1
1059,1059,commons-collections,2116,2117,0
553,553,spring-hateoas,1104,1105,1
1762,1762,pdfbox,3522,3523,1
62,62,dubbo,122,123,1
808,808,vjtools,1614,1615,0
1776,1776,ormlite-core,3550,3551,1
33,33,dubbo,64,65,1
569,569,nifi,1136,1137,1
139,139,dubbo,276,277,1
593,593,nifi,1184,1185,1
474,474,spring-data-jpa,946,947,0
1665,1665,pulsar,3328,3329,0
2194,2194,adyen-java-api-library,4386,4387,0
1091,1091,vCenter_Plugin_DME,2180,2181,1
2306,2306,Chronicle-Wire,4610,4611,1
1243,1243,hadoop,2484,2485,1
317,317,junit-quickcheck,632,633,0
1209,1209,hadoop,2416,2417,0
1468,1468,openpojo,2934,2935,1
1542,1542,shardingsphere-elasticjob,3082,3083,1
42,42,dubbo,82,83,1
2357,2357,Sentinel,4712,4713,1
376,376,flowable-engine,750,751,0
1639,1639,spring-data-cassandra,3276,3277,1
105,105,dubbo,208,209,1
531,531,spring-hateoas,1060,1061,1
1309,1309,hadoop,2616,2617,1
2457,2457,visualee,4912,4913,1
1575,1575,jackrabbit-oak,3148,3149,1
1044,1044,Slimefun4,2086,2087,0
2081,2081,jndn-utils,4160,4161,1
1144,1144,nacos,2286,2287,1
2095,2095,openapi-generator,4188,4189,0
1068,1068,remoting,2134,2135,1
1432,1432,graylog2-server,2862,2863,1
273,273,junit-quickcheck,544,545,0
2301,2301,Chronicle-Wire,4600,4601,1
1690,1690,db-scheduler,3378,3379,1
1051,1051,jinjava,2100,2101,0
464,464,openwebbeans,926,927,1
1280,1280,hadoop,2558,2559,1
498,498,scimono,994,995,1
459,459,wro4j,916,917,1
2347,2347,jReddit,4692,4693,0
408,408,vpc-java-sdk,814,815,0
2260,2260,spring-data-jdbc,4518,4519,1
1752,1752,java-sdk-core,3502,3503,0
1119,1119,riptide,2236,2237,1
1610,1610,castle-java,3218,3219,0
1037,1037,admiral,2072,2073,0
975,975,admiral,1948,1949,0
2407,2407,immutables,4812,4813,0
780,780,http-request,1558,1559,1
2246,2246,adyen-java-api-library,4490,4491,0
1103,1103,vCenter_Plugin_DME,2204,2205,1
355,355,tribuo,708,709,1
1755,1755,java-sdk-core,3508,3509,0
2368,2368,commons-lang,4734,4735,0
1650,1650,guava,3298,3299,1
1095,1095,vCenter_Plugin_DME,2188,2189,1
2356,2356,Sentinel,4710,4711,1
305,305,junit-quickcheck,608,609,0
1332,1332,tyrus,2662,2663,1
1061,1061,commons-collections,2120,2121,0
960,960,admiral,1918,1919,1
254,254,junit-quickcheck,506,507,0
1627,1627,castle-java,3252,3253,0
1337,1337,tyrus,2672,2673,1
1889,1889,rxjava2-extras,3776,3777,1
798,798,http-request,1594,1595,1
889,889,spring-data-gemfire,1776,1777,0
147,147,dubbo,292,293,1
581,581,nifi,1160,1161,1
277,277,junit-quickcheck,552,553,0
565,565,nifi,1128,1129,1
217,217,junit-quickcheck,432,433,0
1278,1278,hadoop,2554,2555,1
506,506,jackson-dataformats-binary,1010,1011,1
2553,2553,commons-math,5104,5105,0
24,24,dubbo,46,47,1
143,143,dubbo,284,285,1
837,837,rest-assured,1672,1673,0
918,918,DataflowTemplates,1834,1835,1
1999,1999,ozone,3996,3997,1
2493,2493,oci-hdfs-connector,4984,4985,1
1995,1995,ozone,3988,3989,1
335,335,junit-quickcheck,668,669,0
1531,1531,pair-distribution-app,3060,3061,1
479,479,jackson-databind,956,957,0
895,895,secor,1788,1789,1
455,455,wro4j,908,909,1
1546,1546,shardingsphere-elasticjob,3090,3091,1
1183,1183,hadoop,2364,2365,1
1251,1251,hadoop,2500,2501,1
1109,1109,atlas,2216,2217,1
280,280,junit-quickcheck,558,559,0
2019,2019,biojava,4036,4037,1
2164,2164,SchemaCrawler,4326,4327,1
1977,1977,Mapper,3952,3953,1
641,641,nifi,1280,1281,1
742,742,Singularity,1482,1483,1
1113,1113,riptide,2224,2225,1
328,328,junit-quickcheck,654,655,0
1028,1028,admiral,2054,2055,1
1354,1354,hive,2706,2707,1
1286,1286,hadoop,2570,2571,1
1021,1021,admiral,2040,2041,1
1274,1274,hadoop,2546,2547,1
1674,1674,soot,3346,3347,0
533,533,spring-hateoas,1064,1065,1
1577,1577,jackrabbit-oak,3152,3153,1
1539,1539,shardingsphere-elasticjob,3076,3077,1
1652,1652,guava,3302,3303,1
2053,2053,biojava,4104,4105,1
548,548,spring-hateoas,1094,1095,1
1426,1426,graylog2-server,2850,2851,0
1982,1982,Mapper,3962,3963,1
663,663,nifi,1324,1325,1
820,820,jboot,1638,1639,1
1617,1617,castle-java,3232,3233,0
713,713,nifi,1424,1425,1
275,275,junit-quickcheck,548,549,0
511,511,jsonex,1020,1021,1
2309,2309,Chronicle-Wire,4616,4617,1
814,814,java-classmate,1626,1627,0
646,646,nifi,1290,1291,1
1926,1926,Mapper,3850,3851,1
2331,2331,jackson-datatypes-collections,4660,4661,0
690,690,nifi,1378,1379,1
2177,2177,adyen-java-api-library,4352,4353,0
2237,2237,adyen-java-api-library,4472,4473,0
1239,1239,hadoop,2476,2477,1
395,395,Strata,788,789,0
2088,2088,openapi-generator,4174,4175,0
1027,1027,admiral,2052,2053,1
1735,1735,rrd4j,3468,3469,1
1886,1886,opennlp,3770,3771,1
2009,2009,ozone,4016,4017,1
923,923,DataflowTemplates,1844,1845,1
2028,2028,biojava,4054,4055,1
989,989,admiral,1976,1977,1
2477,2477,incubator-shenyu,4952,4953,0
230,230,junit-quickcheck,458,459,0
2494,2494,oci-hdfs-connector,4986,4987,1
1502,1502,mockserver,3002,3003,0
1898,1898,spring-data-rest,3794,3795,1
1904,1904,spring-data-rest,3806,3807,1
888,888,spring-data-gemfire,1774,1775,1
1396,1396,Struts,2790,2791,1
1457,1457,openpojo,2912,2913,1
1462,1462,openpojo,2922,2923,1
1728,1728,cloud-slang,3454,3455,1
433,433,Universal-G-Code-Sender,864,865,1
1063,1063,commons-collections,2124,2125,0
2244,2244,adyen-java-api-library,4486,4487,0
549,549,spring-hateoas,1096,1097,1
269,269,junit-quickcheck,536,537,0
2330,2330,jackson-datatypes-collections,4658,4659,0
834,834,rest-assured,1666,1667,0
1714,1714,incubator-shardingsphere,3426,3427,1
138,138,dubbo,274,275,1
1198,1198,hadoop,2394,2395,1
791,791,http-request,1580,1581,1
1155,1155,nacos,2308,2309,0
2358,2358,Sentinel,4714,4715,1
810,810,vjtools,1618,1619,0
252,252,junit-quickcheck,502,503,0
1509,1509,mockserver,3016,3017,1
407,407,vpc-java-sdk,812,813,0
1030,1030,admiral,2058,2059,1
1409,1409,spring-data-ebean,2816,2817,0
672,672,nifi,1342,1343,1
1905,1905,spring-data-rest,3808,3809,1
89,89,dubbo,176,177,1
1108,1108,atlas,2214,2215,1
691,691,nifi,1380,1381,1
543,543,spring-hateoas,1084,1085,1
2342,2342,asset-share-commons,4682,4683,1
566,566,nifi,1130,1131,1
1657,1657,guava,3312,3313,1
135,135,dubbo,268,269,1
2247,2247,adyen-java-api-library,4492,4493,0
20,20,dubbo,38,39,1
1498,1498,mockserver,2994,2995,1
1125,1125,json-schema-validator,2248,2249,0
1924,1924,Mapper,3846,3847,1
937,937,dropwizard,1872,1873,1
1746,1746,karate,3490,3491,0
832,832,rest-assured,1662,1663,0
1074,1074,aries-cdi,2146,2147,0
44,44,dubbo,86,87,1
1052,1052,jinjava,2102,2103,0
2232,2232,adyen-java-api-library,4462,4463,0
1053,1053,jinjava,2104,2105,0
80,80,dubbo,158,159,1
2496,2496,oci-hdfs-connector,4990,4991,1
1436,1436,graylog2-server,2870,2871,0
1519,1519,mockserver,3036,3037,0
1414,1414,graylog2-server,2826,2827,1
485,485,Digital,968,969,1
734,734,nifi,1466,1467,0
308,308,junit-quickcheck,614,615,0
327,327,junit-quickcheck,652,653,0
1402,1402,fluent-logger-java,2802,2803,1
623,623,nifi,1244,1245,1
1566,1566,jackrabbit-oak,3130,3131,1
2561,2561,druid,5120,5121,0
2039,2039,biojava,4076,4077,1
1970,1970,Mapper,3938,3939,1
2033,2033,biojava,4064,4065,1
1935,1935,Mapper,3868,3869,1
2424,2424,visualee,4846,4847,1
1131,1131,nacos,2260,2261,1
906,906,DataflowTemplates,1810,1811,1
21,21,dubbo,40,41,1
620,620,nifi,1238,1239,1
928,928,DataflowTemplates,1854,1855,1
2220,2220,adyen-java-api-library,4438,4439,0
768,768,hsac-fitnesse-fixtures,1534,1535,0
1377,1377,hive,2752,2753,1
2479,2479,bookkeeper,4956,4957,1
1835,1835,ormlite-core,3668,3669,0
2449,2449,visualee,4896,4897,1
382,382,flowable-engine,762,763,1
1754,1754,java-sdk-core,3506,3507,0
1327,1327,easy-retry,2652,2653,1
2125,2125,wildfly,4248,4249,1
164,164,dubbo,326,327,0
1240,1240,hadoop,2478,2479,1
521,521,java-cas-client,1040,1041,1
1133,1133,nacos,2264,2265,1
500,500,jackson-dataformats-binary,998,999,1
466,466,openwebbeans,930,931,1
873,873,apollo,1744,1745,0
764,764,spring-cloud-gcp,1526,1527,1
1911,1911,Mapper,3820,3821,1
118,118,dubbo,234,235,1
1844,1844,ormlite-core,3686,3687,1
2349,2349,jReddit,4696,4697,0
113,113,dubbo,224,225,1
2536,2536,typescript-generator,5070,5071,1
2248,2248,adyen-java-api-library,4494,4495,0
2049,2049,biojava,4096,4097,1
2509,2509,typescript-generator,5016,5017,1
428,428,spring-data-couchbase,854,855,0
2161,2161,SchemaCrawler,4320,4321,1
2117,2117,wildfly,4232,4233,1
957,957,admiral,1912,1913,0
1312,1312,hadoop,2622,2623,0
2470,2470,yawp,4938,4939,1
297,297,junit-quickcheck,592,593,0
1653,1653,guava,3304,3305,1
167,167,dubbo,332,333,0
1847,1847,ormlite-core,3692,3693,1
1783,1783,ormlite-core,3564,3565,1
469,469,jackson-modules-base,936,937,1
729,729,nifi,1456,1457,0
1290,1290,hadoop,2578,2579,1
1029,1029,admiral,2056,2057,1
2499,2499,undertow,4996,4997,1
2339,2339,joda-time,4676,4677,1
874,874,apollo,1746,1747,0
1456,1456,openpojo,2910,2911,1
437,437,wro4j,872,873,1
225,225,junit-quickcheck,448,449,0
1365,1365,hive,2728,2729,1
1366,1366,hive,2730,2731,1
1450,1450,whois,2898,2899,1
2429,2429,visualee,4856,4857,1
103,103,dubbo,204,205,1
1472,1472,openpojo,2942,2943,0
1840,1840,ormlite-core,3678,3679,1
93,93,dubbo,184,185,1
1597,1597,jackson-module-jsonSchema,3192,3193,0
1879,1879,ormlite-core,3756,3757,1
419,419,vpc-java-sdk,836,837,0
1852,1852,ormlite-core,3702,3703,1
2502,2502,undertow,5002,5003,0
1892,1892,pagerduty-incidents,3782,3783,1
2500,2500,undertow,4998,4999,0
1820,1820,ormlite-core,3638,3639,1
1359,1359,hive,2716,2717,1
955,955,vertx-rabbitmq-client,1908,1909,1
1722,1722,liquibase,3442,3443,0
300,300,junit-quickcheck,598,599,0
258,258,junit-quickcheck,514,515,0
800,800,http-request,1598,1599,1
320,320,junit-quickcheck,638,639,0
2556,2556,druid,5110,5111,0
462,462,delight-nashorn-sandbox,922,923,1
1250,1250,hadoop,2498,2499,1
63,63,dubbo,124,125,1
991,991,admiral,1980,1981,1
996,996,admiral,1990,1991,1
2024,2024,biojava,4046,4047,1
2504,2504,undertow,5006,5007,1
2261,2261,spring-data-jdbc,4520,4521,1
1480,1480,Rosetta,2958,2959,0
567,567,nifi,1132,1133,1
2355,2355,Sentinel,4708,4709,1
1673,1673,soot,3344,3345,0
2439,2439,visualee,4876,4877,1
673,673,nifi,1344,1345,1
2326,2326,Chronicle-Wire,4650,4651,1
947,947,dropwizard,1892,1893,1
229,229,junit-quickcheck,456,457,0
697,697,nifi,1392,1393,1
1362,1362,hive,2722,2723,1
1340,1340,tyrus,2678,2679,0
2171,2171,adyen-java-api-library,4340,4341,0
816,816,flow,1630,1631,1
2533,2533,typescript-generator,5064,5065,1
200,200,junit-quickcheck,398,399,0
2344,2344,asset-share-commons,4686,4687,1
119,119,dubbo,236,237,1
662,662,nifi,1322,1323,1
607,607,nifi,1212,1213,1
2303,2303,Chronicle-Wire,4604,4605,1
2313,2313,Chronicle-Wire,4624,4625,0
39,39,dubbo,76,77,1
2226,2226,adyen-java-api-library,4450,4451,0
775,775,hsac-fitnesse-fixtures,1548,1549,0
199,199,junit-quickcheck,396,397,0
573,573,nifi,1144,1145,1
2371,2371,commons-lang,4740,4741,0
1055,1055,incubator-ratis,2108,2109,0
231,231,junit-quickcheck,460,461,0
561,561,cukes,1120,1121,1
943,943,dropwizard,1884,1885,1
1522,1522,mockserver,3042,3043,0
2071,2071,nutz,4140,4141,0
1878,1878,ormlite-core,3754,3755,1
890,890,spring-data-gemfire,1778,1779,0
1831,1831,ormlite-core,3660,3661,1
35,35,dubbo,68,69,1
643,643,nifi,1284,1285,1
158,158,dubbo,314,315,1
1932,1932,Mapper,3862,3863,1
1268,1268,hadoop,2534,2535,1
1073,1073,remoting,2144,2145,1
43,43,dubbo,84,85,1
1467,1467,openpojo,2932,2933,1
1050,1050,jinjava,2098,2099,1
314,314,junit-quickcheck,626,627,0
2097,2097,openapi-generator,4192,4193,0
769,769,hsac-fitnesse-fixtures,1536,1537,0
1273,1273,hadoop,2544,2545,1
345,345,marine-api,688,689,1
1376,1376,hive,2750,2751,1
2000,2000,ozone,3998,3999,1
2271,2271,pippo,4540,4541,1
1224,1224,hadoop,2446,2447,1
2107,2107,wildfly,4212,4213,1
1379,1379,hive,2756,2757,1
1666,1666,pulsar,3330,3331,0
1358,1358,hive,2714,2715,1
2159,2159,jackson-module-afterburner,4316,4317,1
2505,2505,undertow,5008,5009,1
1786,1786,ormlite-core,3570,3571,1
2524,2524,typescript-generator,5046,5047,1
2030,2030,biojava,4058,4059,1
1034,1034,admiral,2066,2067,0
765,765,hsac-fitnesse-fixtures,1528,1529,0
1796,1796,ormlite-core,3590,3591,1
2021,2021,biojava,4040,4041,1
2052,2052,biojava,4102,4103,1
772,772,hsac-fitnesse-fixtures,1542,1543,0
1032,1032,admiral,2062,2063,1
659,659,nifi,1316,1317,1
927,927,DataflowTemplates,1852,1853,1
1528,1528,pair-distribution-app,3054,3055,1
1732,1732,cloud-slang,3462,3463,1
1338,1338,tyrus,2674,2675,1
1087,1087,vCenter_Plugin_DME,2172,2173,1
1917,1917,Mapper,3832,3833,1
2055,2055,biojava,4108,4109,1
2240,2240,adyen-java-api-library,4478,4479,0
1275,1275,hadoop,2548,2549,1
2235,2235,adyen-java-api-library,4468,4469,0
1477,1477,Rosetta,2952,2953,1
1104,1104,vCenter_Plugin_DME,2206,2207,1
117,117,dubbo,232,233,1
2229,2229,adyen-java-api-library,4456,4457,0
665,665,nifi,1328,1329,1
176,176,dubbo,350,351,0
1136,1136,nacos,2270,2271,1
393,393,Strata,784,785,0
1916,1916,Mapper,3830,3831,1
1969,1969,Mapper,3936,3937,1
2538,2538,typescript-generator,5074,5075,1
2481,2481,bookkeeper,4960,4961,1
2370,2370,commons-lang,4738,4739,0
92,92,dubbo,182,183,1
1121,1121,riptide,2240,2241,1
1345,1345,querydsl,2688,2689,1
1139,1139,nacos,2276,2277,1
1792,1792,ormlite-core,3582,3583,1
1598,1598,jackson-module-jsonSchema,3194,3195,0
1323,1323,easy-retry,2644,2645,1
770,770,hsac-fitnesse-fixtures,1538,1539,0
684,684,nifi,1366,1367,1
1965,1965,Mapper,3928,3929,1
2069,2069,disconf,4136,4137,1
2279,2279,aem-core-wcm-components,4556,4557,1
2174,2174,adyen-java-api-library,4346,4347,0
1279,1279,hadoop,2556,2557,1
839,839,rest-assured,1676,1677,0
2092,2092,openapi-generator,4182,4183,1
104,104,dubbo,206,207,1
1410,1410,spring-data-ebean,2818,2819,0
149,149,dubbo,296,297,1
948,948,jmeter-datadog-backend-listener,1894,1895,1
2548,2548,typescript-generator,5094,5095,1
61,61,dubbo,120,121,1
284,284,junit-quickcheck,566,567,0
1604,1604,castle-java,3206,3207,0
1974,1974,Mapper,3946,3947,1
1527,1527,pair-distribution-app,3052,3053,1
140,140,dubbo,278,279,1
1671,1671,amazon-hub-counter-sdk-java,3340,3341,0
1384,1384,hive,2766,2767,1
952,952,Jprotobuf-rpc-socket,1902,1903,1
2002,2002,ozone,4002,4003,1
2188,2188,adyen-java-api-library,4374,4375,0
1188,1188,hadoop,2374,2375,1
572,572,nifi,1142,1143,1
664,664,nifi,1326,1327,1
81,81,dubbo,160,161,1
1179,1179,hadoop,2356,2357,1
174,174,dubbo,346,347,0
896,896,secor,1790,1791,1
1819,1819,ormlite-core,3636,3637,1
550,550,spring-hateoas,1098,1099,1
2405,2405,immutables,4808,4809,0
32,32,dubbo,62,63,1
2346,2346,jReddit,4690,4691,0
2458,2458,visualee,4914,4915,1
2134,2134,wildfly,4266,4267,1
2029,2029,biojava,4056,4057,1
1535,1535,kylin,3068,3069,0
1856,1856,ormlite-core,3710,3711,1
540,540,spring-hateoas,1078,1079,1
41,41,dubbo,80,81,1
2160,2160,jackson-module-afterburner,4318,4319,1
50,50,dubbo,98,99,1
172,172,dubbo,342,343,0
1106,1106,redpipe,2210,2211,1
1412,1412,cayenne,2822,2823,1
429,429,appengine-plugins-core,856,857,1
2514,2514,typescript-generator,5026,5027,1
2045,2045,biojava,4088,4089,1
262,262,junit-quickcheck,522,523,0
1370,1370,hive,2738,2739,1
330,330,junit-quickcheck,658,659,0
1497,1497,mockserver,2992,2993,1
2162,2162,SchemaCrawler,4322,4323,1
1056,1056,incubator-ratis,2110,2111,1
56,56,dubbo,110,111,1
2204,2204,adyen-java-api-library,4406,4407,0
1222,1222,hadoop,2442,2443,1
1353,1353,hive,2704,2705,1
1710,1710,incubator-shardingsphere,3418,3419,1
754,754,Singularity,1506,1507,1
2036,2036,biojava,4070,4071,1
1223,1223,hadoop,2444,2445,1
2187,2187,adyen-java-api-library,4372,4373,0
2497,2497,JSONassert,4992,4993,0
503,503,jackson-dataformats-binary,1004,1005,1
127,127,dubbo,252,253,1
2513,2513,typescript-generator,5024,5025,1
378,378,flowable-engine,754,755,1
2550,2550,typescript-generator,5098,5099,1
1333,1333,tyrus,2664,2665,1
1574,1574,jackrabbit-oak,3146,3147,1
1398,1398,Struts,2794,2795,1
725,725,nifi,1448,1449,1
2010,2010,ozone,4018,4019,1
354,354,marine-api,706,707,1
967,967,admiral,1932,1933,1
1885,1885,opennlp,3768,3769,1
123,123,dubbo,244,245,1
2404,2404,immutables,4806,4807,0
2295,2295,Chronicle-Wire,4588,4589,1
2058,2058,biojava,4114,4115,1
1197,1197,hadoop,2392,2393,1
1437,1437,graylog2-server,2872,2873,0
789,789,http-request,1576,1577,1
1460,1460,openpojo,2918,2919,1
1318,1318,mTracker,2634,2635,1
390,390,Strata,778,779,0
537,537,spring-hateoas,1072,1073,1
141,141,dubbo,280,281,1
1418,1418,graylog2-server,2834,2835,1
256,256,junit-quickcheck,510,511,0
2460,2460,visualee,4918,4919,1
578,578,nifi,1154,1155,1
1202,1202,hadoop,2402,2403,1
1918,1918,Mapper,3834,3835,1
2264,2264,feign,4526,4527,0
49,49,dubbo,96,97,1
2442,2442,visualee,4882,4883,1
1411,1411,cayenne,2820,2821,1
515,515,jsonex,1028,1029,1
2544,2544,typescript-generator,5086,5087,1
558,558,spring-hateoas,1114,1115,1
2296,2296,Chronicle-Wire,4590,4591,1
652,652,nifi,1302,1303,1
1018,1018,admiral,2034,2035,1
1859,1859,ormlite-core,3716,3717,1
1206,1206,hadoop,2410,2411,1
894,894,secor,1786,1787,1
1679,1679,eco-schema-catalog,3356,3357,1
2046,2046,biojava,4090,4091,1
1594,1594,jackson-module-jsonSchema,3186,3187,0
1208,1208,hadoop,2414,2415,1
424,424,spring-data-couchbase,846,847,0
2190,2190,adyen-java-api-library,4378,4379,0
1008,1008,admiral,2014,2015,1
2254,2254,classgraph,4506,4507,0
596,596,nifi,1190,1191,1
1226,1226,hadoop,2450,2451,1
2067,2067,sawmill,4132,4133,1
2004,2004,ozone,4006,4007,1
2557,2557,druid,5112,5113,0
2195,2195,adyen-java-api-library,4388,4389,0
598,598,nifi,1194,1195,1
604,604,nifi,1206,1207,1
925,925,DataflowTemplates,1848,1849,1
180,180,junit-quickcheck,358,359,0
749,749,Singularity,1496,1497,1
472,472,jackson-modules-base,942,943,0
1743,1743,karate,3484,3485,1
1481,1481,Rosetta,2960,2961,0
1105,1105,vCenter_Plugin_DME,2208,2209,1
959,959,admiral,1916,1917,1
1700,1700,oryx,3398,3399,0
1493,1493,mockserver,2984,2985,1
1490,1490,mockserver,2978,2979,1
1080,1080,hutool,2158,2159,1
396,396,Strata,790,791,0
1308,1308,hadoop,2614,2615,1
2253,2253,classgraph,4504,4505,0
2250,2250,adyen-java-api-library,4498,4499,0
2440,2440,visualee,4878,4879,1
1914,1914,Mapper,3826,3827,1
333,333,junit-quickcheck,664,665,0
1265,1265,hadoop,2528,2529,1
633,633,nifi,1264,1265,1
1296,1296,hadoop,2590,2591,1
2080,2080,metrics,4158,4159,0
430,430,junit4,858,859,1
688,688,nifi,1374,1375,1
1367,1367,hive,2732,2733,1
813,813,java-classmate,1624,1625,0
961,961,admiral,1920,1921,1
142,142,dubbo,282,283,1
601,601,nifi,1200,1201,1
1842,1842,ormlite-core,3682,3683,1
1102,1102,vCenter_Plugin_DME,2202,2203,1
1459,1459,openpojo,2916,2917,1
1656,1656,guava,3310,3311,1
1284,1284,hadoop,2566,2567,1
1247,1247,hadoop,2492,2493,1
783,783,http-request,1564,1565,1
1081,1081,hutool,2160,2161,0
190,190,junit-quickcheck,378,379,0
3,3,recast4j,4,5,1
1435,1435,graylog2-server,2868,2869,0
2495,2495,oci-hdfs-connector,4988,4989,1
2141,2141,wildfly,4280,4281,1
1326,1326,easy-retry,2650,2651,1
1173,1173,hadoop,2344,2345,1
1383,1383,hive,2764,2765,1
508,508,jackson-dataformats-binary,1014,1015,1
984,984,admiral,1966,1967,1
818,818,jboot,1634,1635,1
1130,1130,nacos,2258,2259,0
67,67,dubbo,132,133,1
2268,2268,pippo,4534,4535,1
1818,1818,ormlite-core,3634,3635,1
2433,2433,visualee,4864,4865,1
731,731,nifi,1460,1461,0
702,702,nifi,1402,1403,1
1586,1586,utils,3170,3171,0
1086,1086,hutool,2170,2171,0
34,34,dubbo,66,67,1
497,497,scimono,992,993,1
183,183,junit-quickcheck,364,365,0
1170,1170,hadoop,2338,2339,1
1553,1553,shardingsphere-elasticjob,3104,3105,1
301,301,junit-quickcheck,600,601,0
776,776,hsac-fitnesse-fixtures,1550,1551,0
2348,2348,jReddit,4694,4695,0
461,461,wro4j,920,921,1
2079,2079,nutz,4156,4157,0
1781,1781,ormlite-core,3560,3561,1
2432,2432,visualee,4862,4863,1
2077,2077,nutz,4152,4153,0
130,130,dubbo,258,259,1
1075,1075,aries-cdi,2148,2149,1
1064,1064,commons-collections,2126,2127,0
1763,1763,FluentJPA,3524,3525,1
1012,1012,admiral,2022,2023,1
2156,2156,cxf,4310,4311,1
1258,1258,hadoop,2514,2515,1
2541,2541,typescript-generator,5080,5081,1
931,931,DataflowTemplates,1860,1861,1
1724,1724,cloud-slang,3446,3447,1
436,436,wro4j,870,871,1
2075,2075,nutz,4148,4149,0
260,260,junit-quickcheck,518,519,0
1041,1041,spring-data-elasticsearch,2080,2081,1
2082,2082,jndn-utils,4162,4163,1
1215,1215,hadoop,2428,2429,1
2386,2386,commons-lang,4770,4771,0
1624,1624,castle-java,3246,3247,0
1399,1399,Struts,2796,2797,1
1723,1723,liquibase,3444,3445,0
922,922,DataflowTemplates,1842,1843,1
1092,1092,vCenter_Plugin_DME,2182,2183,1
1058,1058,commons-collections,2114,2115,1
1907,1907,spring-data-rest,3812,3813,1
1096,1096,vCenter_Plugin_DME,2190,2191,1
364,364,amazon-instant-access-sdk-java,726,727,0
413,413,vpc-java-sdk,824,825,0
1200,1200,hadoop,2398,2399,1
1485,1485,graphhopper,2968,2969,1
640,640,nifi,1278,1279,1
112,112,dubbo,222,223,1
338,338,junit-quickcheck,674,675,0
1890,1890,rxjava2-extras,3778,3779,1
638,638,nifi,1274,1275,1
1022,1022,admiral,2042,2043,1
1120,1120,riptide,2238,2239,1
2466,2466,visualee,4930,4931,1
2421,2421,visualee,4840,4841,1
171,171,dubbo,340,341,0
1903,1903,spring-data-rest,3804,3805,1
1664,1664,pulsar,3326,3327,0
2070,2070,nutz,4138,4139,0
267,267,junit-quickcheck,532,533,0
848,848,facebook-java-business-sdk,1694,1695,0
283,283,junit-quickcheck,564,565,0
1860,1860,ormlite-core,3718,3719,1
1233,1233,hadoop,2464,2465,1
2189,2189,adyen-java-api-library,4376,4377,0
1925,1925,Mapper,3848,3849,1
2318,2318,Chronicle-Wire,4634,4635,1
1631,1631,timely,3260,3261,0
87,87,dubbo,172,173,1
2084,2084,asyncload,4166,4167,1
615,615,nifi,1228,1229,1
2397,2397,commons-lang,4792,4793,0
2560,2560,druid,5118,5119,0
924,924,DataflowTemplates,1846,1847,1
2300,2300,Chronicle-Wire,4598,4599,1
1153,1153,nacos,2304,2305,1
2503,2503,undertow,5004,5005,1
391,391,Strata,780,781,0
2129,2129,wildfly,4256,4257,1
1355,1355,hive,2708,2709,1
1640,1640,spring-data-cassandra,3278,3279,0
1681,1681,eco-schema-catalog,3360,3361,1
228,228,junit-quickcheck,454,455,0
1047,1047,jinjava,2092,2093,0
2255,2255,spring-data-jdbc,4508,4509,1
982,982,admiral,1962,1963,1
388,388,Strata,774,775,0
1142,1142,nacos,2282,2283,1
720,720,nifi,1438,1439,1
2507,2507,undertow,5012,5013,0
2252,2252,common-kafka,4502,4503,1
1523,1523,mockserver,3044,3045,0
1048,1048,jinjava,2094,2095,0
2511,2511,typescript-generator,5020,5021,1
2328,2328,Chronicle-Wire,4654,4655,0
2270,2270,pippo,4538,4539,1
181,181,junit-quickcheck,360,361,0
1704,1704,incubator-shardingsphere,3406,3407,1
2074,2074,nutz,4146,4147,0
2169,2169,adyen-java-api-library,4336,4337,0
1083,1083,hutool,2164,2165,0
1433,1433,graylog2-server,2864,2865,0
241,241,junit-quickcheck,480,481,0
1347,1347,querydsl,2692,2693,1
1780,1780,ormlite-core,3558,3559,1
536,536,spring-hateoas,1070,1071,1
973,973,admiral,1944,1945,1
1475,1475,Rosetta,2948,2949,1
102,102,dubbo,202,203,1
876,876,jmeter-maven-plugin,1750,1751,0
210,210,junit-quickcheck,418,419,1
1608,1608,castle-java,3214,3215,0
851,851,facebook-java-business-sdk,1700,1701,0
916,916,DataflowTemplates,1830,1831,1
411,411,vpc-java-sdk,820,821,0
617,617,nifi,1232,1233,1
1216,1216,hadoop,2430,2431,1
1572,1572,jackrabbit-oak,3142,3143,1
452,452,wro4j,902,903,1
1169,1169,hadoop,2336,2337,1
1625,1625,castle-java,3248,3249,0
416,416,vpc-java-sdk,830,831,0
247,247,junit-quickcheck,492,493,0
1415,1415,graylog2-server,2828,2829,1
99,99,dubbo,196,197,1
2337,2337,citrus,4672,4673,1
1942,1942,Mapper,3882,3883,1
1310,1310,hadoop,2618,2619,1
1883,1883,ormlite-core,3764,3765,0
970,970,admiral,1938,1939,1
4,4,aws-dynamodb-encryption-java,6,7,0
2478,2478,bookkeeper,4954,4955,1
1176,1176,hadoop,2350,2351,1
2412,2412,jackson-dataformat-xml,4822,4823,0
447,447,wro4j,892,893,1
1672,1672,soot,3342,3343,0
1513,1513,mockserver,3024,3025,1
54,54,dubbo,106,107,1
1430,1430,graylog2-server,2858,2859,0
2144,2144,wildfly,4286,4287,0
279,279,junit-quickcheck,556,557,0
1565,1565,jackrabbit-oak,3128,3129,1
2307,2307,Chronicle-Wire,4612,4613,1
439,439,wro4j,876,877,1
1168,1168,hadoop,2334,2335,1
1981,1981,Mapper,3960,3961,1
1757,1757,java-sdk-core,3512,3513,0
2110,2110,wildfly,4218,4219,1
1884,1884,opennlp,3766,3767,1
70,70,dubbo,138,139,1
1810,1810,ormlite-core,3618,3619,1
2043,2043,biojava,4084,4085,1
233,233,junit-quickcheck,464,465,0
1115,1115,riptide,2228,2229,1
704,704,nifi,1406,1407,1
562,562,tools,1122,1123,1
1324,1324,easy-retry,2646,2647,1
2426,2426,visualee,4850,4851,1
1276,1276,hadoop,2550,2551,1
2425,2425,visualee,4848,4849,1
1612,1612,castle-java,3222,3223,0
654,654,nifi,1306,1307,1
2003,2003,ozone,4004,4005,1
346,346,marine-api,690,691,1
71,71,dubbo,140,141,1
1287,1287,hadoop,2572,2573,1
2239,2239,adyen-java-api-library,4476,4477,0
840,840,rest-assured,1678,1679,0
107,107,dubbo,212,213,1
1016,1016,admiral,2030,2031,1
746,746,Singularity,1490,1491,1
782,782,http-request,1562,1563,1
745,745,Singularity,1488,1489,1
1953,1953,Mapper,3904,3905,1
1797,1797,ormlite-core,3592,3593,1
986,986,admiral,1970,1971,1
1150,1150,nacos,2298,2299,1
866,866,apollo,1730,1731,1
2336,2336,citrus,4670,4671,1
1429,1429,graylog2-server,2856,2857,0
2376,2376,commons-lang,4750,4751,0
381,381,flowable-engine,760,761,1
2205,2205,adyen-java-api-library,4408,4409,0
426,426,spring-data-couchbase,850,851,0
237,237,junit-quickcheck,472,473,0
1491,1491,mockserver,2980,2981,1
1715,1715,incubator-shardingsphere,3428,3429,1
771,771,hsac-fitnesse-fixtures,1540,1541,1
733,733,nifi,1464,1465,0
869,869,apollo,1736,1737,1
131,131,dubbo,260,261,1
371,371,flowable-engine,740,741,1
920,920,DataflowTemplates,1838,1839,1
1548,1548,shardingsphere-elasticjob,3094,3095,1
1643,1643,cloudhopper-commons,3284,3285,1
1908,1908,spring-data-rest,3814,3815,1
860,860,botbuilder-java,1718,1719,0
1802,1802,ormlite-core,3602,3603,1
1731,1731,cloud-slang,3460,3461,1
2467,2467,visualee,4932,4933,1
2508,2508,undertow,5014,5015,0
350,350,marine-api,698,699,1
1838,1838,ormlite-core,3674,3675,1
218,218,junit-quickcheck,434,435,0
787,787,http-request,1572,1573,1
2438,2438,visualee,4874,4875,1
1298,1298,hadoop,2594,2595,1
2015,2015,biojava,4028,4029,1
1406,1406,fluent-logger-java,2810,2811,1
2491,2491,oci-hdfs-connector,4980,4981,1
584,584,nifi,1166,1167,0
1093,1093,vCenter_Plugin_DME,2184,2185,1
2100,2100,wildfly,4198,4199,1
1532,1532,pair-distribution-app,3062,3063,1
495,495,scimono,988,989,1
1766,1766,c2mon,3530,3531,1
175,175,dubbo,348,349,0
2193,2193,adyen-java-api-library,4384,4385,0
758,758,weblogic-monitoring-exporter,1514,1515,1
1330,1330,tyrus,2658,2659,0
1717,1717,incubator-shardingsphere,3432,3433,1
1741,1741,workflow-cps-global-lib-http-plugin,3480,3481,1
811,811,vjtools,1620,1621,0
2133,2133,wildfly,4264,4265,1
1455,1455,openpojo,2908,2909,1
470,470,jackson-modules-base,938,939,1
614,614,nifi,1226,1227,1
606,606,nifi,1210,1211,1
817,817,jboot,1632,1633,1
921,921,DataflowTemplates,1840,1841,1
1361,1361,hive,2720,2721,1
1936,1936,Mapper,3870,3871,1
1906,1906,spring-data-rest,3810,3811,1
552,552,spring-hateoas,1102,1103,1
2011,2011,ozone,4020,4021,1
781,781,http-request,1560,1561,1
2498,2498,JSONassert,4994,4995,0
2210,2210,adyen-java-api-library,4418,4419,0
222,222,junit-quickcheck,442,443,0
517,517,jsonex,1032,1033,1
2518,2518,typescript-generator,5034,5035,1
1292,1292,hadoop,2582,2583,1
2001,2001,ozone,4000,4001,1
2113,2113,wildfly,4224,4225,1
2379,2379,commons-lang,4756,4757,0
2044,2044,biojava,4086,4087,1
1499,1499,mockserver,2996,2997,1
2065,2065,tessera,4128,4129,1
1040,1040,spring-data-elasticsearch,2078,2079,1
1771,1771,ormlite-core,3540,3541,1
1461,1461,openpojo,2920,2921,1
755,755,Singularity,1508,1509,1
1494,1494,mockserver,2986,2987,1
1078,1078,captivate-prime-aem-components,2154,2155,1
379,379,flowable-engine,756,757,1
182,182,junit-quickcheck,362,363,0
762,762,spring-cloud-gcp,1522,1523,1
2310,2310,Chronicle-Wire,4618,4619,1
249,249,junit-quickcheck,496,497,0
1473,1473,openpojo,2944,2945,0
1325,1325,easy-retry,2648,2649,1
137,137,dubbo,272,273,1
412,412,vpc-java-sdk,822,823,0
2007,2007,ozone,4012,4013,1
1351,1351,hive,2700,2701,1
2523,2523,typescript-generator,5044,5045,1
72,72,dubbo,142,143,1
211,211,junit-quickcheck,420,421,0
2319,2319,Chronicle-Wire,4636,4637,1
1033,1033,admiral,2064,2065,1
1909,1909,spring-data-rest,3816,3817,1
2515,2515,typescript-generator,5028,5029,1
706,706,nifi,1410,1411,1
1271,1271,hadoop,2540,2541,1
184,184,junit-quickcheck,366,367,0
844,844,rest-assured,1686,1687,0
1587,1587,utils,3172,3173,0
708,708,nifi,1414,1415,1
2184,2184,adyen-java-api-library,4366,4367,0
512,512,jsonex,1022,1023,1
2183,2183,adyen-java-api-library,4364,4365,0
1630,1630,timely,3258,3259,0
738,738,nexus-repository-helm,1474,1475,1
1405,1405,fluent-logger-java,2808,2809,1
2391,2391,commons-lang,4780,4781,0
1129,1129,nacos,2256,2257,0
1902,1902,spring-data-rest,3802,3803,1
1123,1123,catalog-api-demo,2244,2245,1
910,910,DataflowTemplates,1818,1819,1
647,647,nifi,1292,1293,1
1817,1817,ormlite-core,3632,3633,1
403,403,Strata,804,805,0
1759,1759,java-sdk-core,3516,3517,0
1955,1955,Mapper,3908,3909,1
2305,2305,Chronicle-Wire,4608,4609,1
1019,1019,admiral,2036,2037,1
1458,1458,openpojo,2914,2915,1
316,316,junit-quickcheck,630,631,0
938,938,dropwizard,1874,1875,1
833,833,rest-assured,1664,1665,0
1839,1839,ormlite-core,3676,3677,1
2543,2543,typescript-generator,5084,5085,1
2050,2050,biojava,4098,4099,1
1825,1825,ormlite-core,3648,3649,1
518,518,jsonex,1034,1035,1
2217,2217,adyen-java-api-library,4432,4433,0
1416,1416,graylog2-server,2830,2831,0
1635,1635,timely,3268,3269,1
1001,1001,admiral,2000,2001,1
352,352,marine-api,702,703,1
1342,1342,helios,2682,2683,1
1808,1808,ormlite-core,3614,3615,1
936,936,DataflowTemplates,1870,1871,1
1245,1245,hadoop,2488,2489,1
802,802,http-request,1602,1603,1
2242,2242,adyen-java-api-library,4482,4483,0
1971,1971,Mapper,3940,3941,1
658,658,nifi,1314,1315,1
2529,2529,typescript-generator,5056,5057,1
2353,2353,braintree_java,4704,4705,0
1387,1387,hive,2772,2773,0
281,281,junit-quickcheck,560,561,0
1654,1654,guava,3306,3307,1
272,272,junit-quickcheck,542,543,0
2475,2475,incubator-shenyu,4948,4949,0
1479,1479,Rosetta,2956,2957,1
1979,1979,Mapper,3956,3957,1
1094,1094,vCenter_Plugin_DME,2186,2187,1
402,402,Strata,802,803,0
1024,1024,admiral,2046,2047,1
1691,1691,db-scheduler,3380,3381,1
2473,2473,semanticvectors,4944,4945,1
454,454,wro4j,906,907,1
2275,2275,alien4cloud,4548,4549,1
1992,1992,ozone,3982,3983,1
1702,1702,datadog-kafka-connect-logs,3402,3403,0
468,468,jackson-modules-base,934,935,1
458,458,wro4j,914,915,1
602,602,nifi,1202,1203,1
251,251,junit-quickcheck,500,501,0
1020,1020,admiral,2038,2039,1
1660,1660,pulsar,3318,3319,0
1431,1431,graylog2-server,2860,2861,1
255,255,junit-quickcheck,508,509,0
740,740,Singularity,1478,1479,1
1896,1896,spring-data-rest,3790,3791,1
1576,1576,jackrabbit-oak,3150,3151,1
1451,1451,whois,2900,2901,1
1855,1855,ormlite-core,3708,3709,1
836,836,rest-assured,1670,1671,0
1813,1813,ormlite-core,3624,3625,1
82,82,dubbo,162,163,1
529,529,retrofit,1056,1057,1
477,477,jackson-databind,952,953,1
276,276,junit-quickcheck,550,551,0
1706,1706,incubator-shardingsphere,3410,3411,1
1205,1205,hadoop,2408,2409,1
1254,1254,hadoop,2506,2507,1
1045,1045,jinjava,2088,2089,1
710,710,nifi,1418,1419,1
1322,1322,spring-data-keyvalue,2642,2643,0
2093,2093,openapi-generator,4184,4185,1
1651,1651,guava,3300,3301,1
206,206,junit-quickcheck,410,411,0
1632,1632,timely,3262,3263,1
372,372,flowable-engine,742,743,1
1805,1805,ormlite-core,3608,3609,1
2314,2314,Chronicle-Wire,4626,4627,1
1389,1389,hive,2776,2777,1
226,226,junit-quickcheck,450,451,0
1160,1160,edn-java,2318,2319,0
956,956,vertx-rabbitmq-client,1910,1911,1
2488,2488,oci-hdfs-connector,4974,4975,1
767,767,hsac-fitnesse-fixtures,1532,1533,1
701,701,nifi,1400,1401,1
639,639,nifi,1276,1277,1
667,667,nifi,1332,1333,1
1137,1137,nacos,2272,2273,1
2434,2434,visualee,4866,4867,1
985,985,admiral,1968,1969,1
712,712,nifi,1422,1423,1
418,418,vpc-java-sdk,834,835,0
1585,1585,taxonomy-sdk,3168,3169,0
1122,1122,riptide,2242,2243,1
735,735,nifi,1468,1469,0
1875,1875,ormlite-core,3748,3749,1
201,201,junit-quickcheck,400,401,0
2266,2266,feign,4530,4531,0
656,656,nifi,1310,1311,1
2209,2209,adyen-java-api-library,4416,4417,0
1716,1716,incubator-shardingsphere,3430,3431,1
223,223,junit-quickcheck,444,445,0
1602,1602,castle-java,3202,3203,0
2284,2284,aem-core-wcm-components,4566,4567,1
703,703,nifi,1404,1405,1
660,660,nifi,1318,1319,1
186,186,junit-quickcheck,370,371,0
57,57,dubbo,112,113,1
1510,1510,mockserver,3018,3019,1
1726,1726,cloud-slang,3450,3451,1
1244,1244,hadoop,2486,2487,1
788,788,http-request,1574,1575,1
162,162,dubbo,322,323,1
214,214,junit-quickcheck,426,427,0
1391,1391,Struts,2780,2781,1
341,341,junit-quickcheck,680,681,0
743,743,Singularity,1484,1485,1
236,236,junit-quickcheck,470,471,0
805,805,http-request,1608,1609,1
1809,1809,ormlite-core,3616,3617,1
1536,1536,kylin,3070,3071,0
1824,1824,ormlite-core,3646,3647,1
945,945,dropwizard,1888,1889,1
318,318,junit-quickcheck,634,635,0
707,707,nifi,1412,1413,1
1156,1156,nacos,2310,2311,0
15,15,dubbo,28,29,0
1486,1486,graphhopper,2970,2971,0
739,739,nexus-repository-helm,1476,1477,1
1316,1316,mTracker,2630,2631,1
2181,2181,adyen-java-api-library,4360,4361,0
1829,1829,ormlite-core,3656,3657,1
1636,1636,timely,3270,3271,0
753,753,Singularity,1504,1505,1
2269,2269,pippo,4536,4537,1
456,456,wro4j,910,911,1
2151,2151,cxf,4300,4301,1
1772,1772,ormlite-core,3542,3543,1
2387,2387,commons-lang,4772,4773,0
526,526,retrofit,1050,1051,1
257,257,junit-quickcheck,512,513,0
2202,2202,adyen-java-api-library,4402,4403,0
786,786,http-request,1570,1571,1
1300,1300,hadoop,2598,2599,1
29,29,dubbo,56,57,1
935,935,DataflowTemplates,1868,1869,1
1861,1861,ormlite-core,3720,3721,1
170,170,dubbo,338,339,0
1507,1507,mockserver,3012,3013,0
575,575,nifi,1148,1149,1
203,203,junit-quickcheck,404,405,0
166,166,dubbo,330,331,1
668,668,nifi,1334,1335,1
386,386,flowable-engine,770,771,0
1077,1077,mercury,2152,2153,1
1317,1317,mTracker,2632,2633,1
1181,1181,hadoop,2360,2361,1
824,824,jboot,1646,1647,1
1956,1956,Mapper,3910,3911,1
1830,1830,ormlite-core,3658,3659,1
1836,1836,ormlite-core,3670,3671,1
1848,1848,ormlite-core,3694,3695,1
1628,1628,underscore-java,3254,3255,0
1562,1562,jackrabbit-oak,3122,3123,1
1534,1534,kylin,3066,3067,0
1751,1751,tamper,3500,3501,1
1753,1753,java-sdk-core,3504,3505,0
1633,1633,timely,3264,3265,1
2321,2321,Chronicle-Wire,4640,4641,1
2126,2126,wildfly,4250,4251,1
2136,2136,wildfly,4270,4271,1
1264,1264,hadoop,2526,2527,1
1760,1760,java-sdk-core,3518,3519,0
1692,1692,db-scheduler,3382,3383,1
1476,1476,Rosetta,2950,2951,1
2325,2325,Chronicle-Wire,4648,4649,1
2272,2272,pippo,4542,4543,1
64,64,dubbo,126,127,1
18,18,dubbo,34,35,0
2530,2530,typescript-generator,5058,5059,1
1537,1537,kylin,3072,3073,0
676,676,nifi,1350,1351,1
685,685,nifi,1368,1369,1
1082,1082,hutool,2162,2163,1
1863,1863,ormlite-core,3724,3725,1
496,496,scimono,990,991,1
1454,1454,openpojo,2906,2907,1
278,278,junit-quickcheck,554,555,0
1057,1057,incubator-ratis,2112,2113,0
110,110,dubbo,218,219,1
1694,1694,db-scheduler,3386,3387,1
963,963,admiral,1924,1925,1
332,332,junit-quickcheck,662,663,0
1076,1076,aries-cdi,2150,2151,0
2116,2116,wildfly,4230,4231,1
1277,1277,hadoop,2552,2553,1
368,368,archiva,734,735,1
1221,1221,hadoop,2440,2441,1
1282,1282,hadoop,2562,2563,1
1302,1302,hadoop,2602,2603,1
603,603,nifi,1204,1205,1
2257,2257,spring-data-jdbc,4512,4513,1
83,83,dubbo,164,165,1
709,709,nifi,1416,1417,1
2445,2445,visualee,4888,4889,1
683,683,nifi,1364,1365,1
934,934,DataflowTemplates,1866,1867,1
724,724,nifi,1446,1447,1
1374,1374,hive,2746,2747,1
16,16,dubbo,30,31,0
1228,1228,hadoop,2454,2455,1
1164,1164,spring-cloud-kubernetes,2326,2327,1
2364,2364,Sentinel,4726,4727,0
271,271,junit-quickcheck,540,541,0
295,295,junit-quickcheck,588,589,0
358,358,tribuo,714,715,1
1381,1381,hive,2760,2761,1
849,849,facebook-java-business-sdk,1696,1697,0
11,11,dubbo,20,21,1
196,196,junit-quickcheck,390,391,0
406,406,jackson-dataformats-text,810,811,1
513,513,jsonex,1024,1025,1
2362,2362,Sentinel,4722,4723,0
2076,2076,nutz,4150,4151,0
591,591,nifi,1180,1181,1
9,9,dubbo,16,17,1
389,389,Strata,776,777,0
1319,1319,vertx-mqtt,2636,2637,1
1688,1688,db-scheduler,3374,3375,1
1167,1167,hadoop,2332,2333,1
173,173,dubbo,344,345,0
1603,1603,castle-java,3204,3205,0
1184,1184,hadoop,2366,2367,1
2063,2063,tessera,4124,4125,1
1241,1241,hadoop,2480,2481,1
804,804,http-request,1606,1607,1
1331,1331,tyrus,2660,2661,0
1851,1851,ormlite-core,3700,3701,1
65,65,dubbo,128,129,1
484,484,Digital,966,967,1
1849,1849,ormlite-core,3696,3697,1
1773,1773,ormlite-core,3544,3545,1
77,77,dubbo,152,153,1
12,12,dubbo,22,23,1
2214,2214,adyen-java-api-library,4426,4427,0
467,467,openwebbeans,932,933,1
1190,1190,hadoop,2378,2379,1
1737,1737,rrd4j,3472,3473,1
605,605,nifi,1208,1209,1
1558,1558,shardingsphere-elasticjob,3114,3115,1
1641,1641,spring-data-cassandra,3280,3281,0
1563,1563,jackrabbit-oak,3124,3125,1
574,574,nifi,1146,1147,1
1634,1634,timely,3266,3267,1
1599,1599,jackson-module-jsonSchema,3196,3197,0
2042,2042,biojava,4082,4083,1
1949,1949,Mapper,3896,3897,1
1413,1413,cayenne,2824,2825,1
1865,1865,ormlite-core,3728,3729,1
821,821,jboot,1640,1641,1
148,148,dubbo,294,295,1
610,610,nifi,1218,1219,1
2521,2521,typescript-generator,5040,5041,1
797,797,http-request,1592,1593,1
235,235,junit-quickcheck,468,469,0
1983,1983,Mapper,3964,3965,1
1867,1867,ormlite-core,3732,3733,1
2256,2256,spring-data-jdbc,4510,4511,1
1225,1225,hadoop,2448,2449,1
486,486,Digital,970,971,0
347,347,marine-api,692,693,1
939,939,dropwizard,1876,1877,1
2022,2022,biojava,4042,4043,1
2546,2546,typescript-generator,5090,5091,1
1725,1725,cloud-slang,3448,3449,1
1178,1178,hadoop,2354,2355,1
626,626,nifi,1250,1251,1
377,377,flowable-engine,752,753,0
1281,1281,hadoop,2560,2561,1
205,205,junit-quickcheck,408,409,0
101,101,dubbo,200,201,1
2332,2332,jackson-datatypes-collections,4662,4663,1
375,375,flowable-engine,748,749,1
1927,1927,Mapper,3852,3853,1
2132,2132,wildfly,4262,4263,1
1659,1659,pulsar,3316,3317,0
1518,1518,mockserver,3034,3035,0
1626,1626,castle-java,3250,3251,0
6,6,aws-dynamodb-encryption-java,10,11,0
2294,2294,Chronicle-Wire,4586,4587,1
2098,2098,openapi-generator,4194,4195,0
188,188,junit-quickcheck,374,375,0
1488,1488,mockserver,2974,2975,0
2322,2322,Chronicle-Wire,4642,4643,1
1963,1963,Mapper,3924,3925,1
1767,1767,c2mon,3532,3533,1
1005,1005,admiral,2008,2009,1
1174,1174,hadoop,2346,2347,1
2333,2333,jackson-datatypes-collections,4664,4665,0
1466,1466,openpojo,2930,2931,1
737,737,spring-cloud-config,1472,1473,1
1234,1234,hadoop,2466,2467,1
160,160,dubbo,318,319,1
1582,1582,jackrabbit-oak,3162,3163,1
1663,1663,pulsar,3324,3325,0
689,689,nifi,1376,1377,1
2447,2447,visualee,4892,4893,1
790,790,http-request,1578,1579,1
460,460,wro4j,918,919,1
1248,1248,hadoop,2494,2495,1
177,177,dubbo,352,353,0
209,209,junit-quickcheck,416,417,0
481,481,jackson-databind,960,961,0
2366,2366,commons-lang,4730,4731,0
587,587,nifi,1172,1173,0
2168,2168,adyen-java-api-library,4334,4335,0
1127,1127,nacos,2252,2253,0
1085,1085,hutool,2168,2169,0
1770,1770,ormlite-core,3538,3539,1
1364,1364,hive,2726,2727,1
1002,1002,admiral,2002,2003,1
1730,1730,cloud-slang,3458,3459,1
1943,1943,Mapper,3884,3885,1
400,400,Strata,798,799,0
1320,1320,emobility-smart-charging,2638,2639,1
2121,2121,wildfly,4240,4241,1
630,630,nifi,1258,1259,1
1199,1199,hadoop,2396,2397,1
547,547,spring-hateoas,1092,1093,1
1422,1422,graylog2-server,2842,2843,0
2178,2178,adyen-java-api-library,4354,4355,0
1255,1255,hadoop,2508,2509,1
1236,1236,hadoop,2470,2471,1
488,488,Digital,974,975,0
1596,1596,jackson-module-jsonSchema,3190,3191,0
903,903,DataflowTemplates,1804,1805,1
1583,1583,jackrabbit-oak,3164,3165,1
1117,1117,riptide,2232,2233,1
914,914,DataflowTemplates,1826,1827,1
1887,1887,opennlp,3772,3773,1
1647,1647,dolphinscheduler,3292,3293,0
1778,1778,ormlite-core,3554,3555,1
2485,2485,arangodb-tinkerpop-provider,4968,4969,1
583,583,nifi,1164,1165,0
1960,1960,Mapper,3918,3919,1
2108,2108,wildfly,4214,4215,1
2317,2317,Chronicle-Wire,4632,4633,1
1804,1804,ormlite-core,3606,3607,1
1023,1023,admiral,2044,2045,1
972,972,admiral,1942,1943,1
2099,2099,karaf,4196,4197,1
336,336,junit-quickcheck,670,671,0
1833,1833,ormlite-core,3664,3665,1
1571,1571,jackrabbit-oak,3140,3141,1
1975,1975,Mapper,3948,3949,1
761,761,spring-cloud-gcp,1520,1521,1
2056,2056,biojava,4110,4111,1
1099,1099,vCenter_Plugin_DME,2196,2197,1
274,274,junit-quickcheck,546,547,0
2115,2115,wildfly,4228,4229,1
2526,2526,typescript-generator,5050,5051,1
751,751,Singularity,1500,1501,1
1385,1385,hive,2768,2769,1
2547,2547,typescript-generator,5092,5093,1
1439,1439,graylog2-server,2876,2877,0
1900,1900,spring-data-rest,3798,3799,1
1162,1162,spring-cloud-kubernetes,2322,2323,1
197,197,junit-quickcheck,392,393,0
2401,2401,immutables,4800,4801,0
2215,2215,adyen-java-api-library,4428,4429,0
392,392,Strata,782,783,0
2131,2131,wildfly,4260,4261,1
1438,1438,graylog2-server,2874,2875,0
994,994,admiral,1986,1987,1
286,286,junit-quickcheck,570,571,0
2399,2399,commons-lang,4796,4797,0
624,624,nifi,1246,1247,1
2064,2064,tessera,4126,4127,1
2286,2286,Chronicle-Wire,4570,4571,1
5,5,aws-dynamodb-encryption-java,8,9,0
232,232,junit-quickcheck,462,463,0
1764,1764,authy-java,3526,3527,1
919,919,DataflowTemplates,1836,1837,1
856,856,botbuilder-java,1710,1711,0
2198,2198,adyen-java-api-library,4394,4395,0
431,431,Universal-G-Code-Sender,860,861,1
1846,1846,ormlite-core,3690,3691,1
1790,1790,ormlite-core,3578,3579,1
949,949,log4j,1896,1897,1
1368,1368,hive,2734,2735,1
